Id,SalePrice,oof_Ridge,oof_ElasticNet,oof_GradientBoosting,oof_ExtraTrees,oof_PyTorch_MLP,oof_Blend
1,208500,204949.01528416702,203793.96816555754,201859.787620463,213344.77798910768,199732.56264743255,204089.47071627685
2,181500,199547.96488837418,193663.13562629,171228.84698231448,173007.25709223686,187586.23034047938,187359.33854997324
3,223500,210947.08050135782,212222.60381089736,209827.4749062012,218789.53807876905,203074.192607663,210319.59699963208
4,140000,165388.42444958398,171731.50556303997,195106.57357821747,188060.39089605678,169830.57416876557,175262.6327901828
5,250000,285065.88851530175,283763.867601486,306538.37403754593,295429.6175011535,284728.1757521455,289722.911616481
6,143000,157305.36570361909,162915.74006768642,146578.16240238483,147437.57343902686,160064.03733938208,155739.89438628755
7,307000,292739.6063097479,287922.6652893255,274113.66086047346,279270.46074938873,280956.4515787811,284366.17801902303
8,200000,220055.1117577344,224729.22208087964,218281.06159212615,219468.4368515137,214656.54042474547,219496.5569446781
9,129900,118908.16297587469,120665.47309228401,148544.50155088434,149550.47365646876,120927.21510685906,128024.66590155786
10,118000,122501.95179898954,114633.17635046363,117489.49311798577,125101.9706580728,116205.05956681729,119020.4260630365
11,129500,126344.598817309,126401.12269302919,126617.06627752967,129969.57061883998,127060.57635612792,126978.14004942332
12,345000,379483.44332188496,372247.4393474911,356964.899038231,416877.60098977137,379662.33420663065,378161.50438798824
13,144000,132310.39339314587,128277.98663600392,131174.81775356623,130929.40602886236,141365.73350037754,132872.46604184702
14,279500,223487.34166394486,224666.53893241426,217717.01074715026,221741.74629077732,220015.19833423637,221766.7415591468
15,157000,149123.04850029203,149797.15986698118,149892.05179093307,149519.41537617717,147043.83409604523,149024.39630966287
16,132000,135004.37242226404,133413.44903249823,141254.52904557667,126160.25191551443,125524.7061239865,132739.82859464517
17,149000,159057.79254169852,160453.95957531486,149021.50685993102,153985.11043998587,154672.967513643,155991.7808385767
18,90000,105407.85882294085,106981.49127867463,112920.8104297988,109471.42261886032,102749.31338320317,106978.08603641528
19,159000,152365.5858799167,151287.65780448494,156895.36502578302,147029.26276568018,151175.70772100572,152062.26049938027
20,139000,119063.69020071335,119355.03704463995,131589.95667450433,126732.34796066729,120905.88165426013,122573.9077267607
21,325300,321434.2431571619,318366.2102640503,317230.73277647974,307112.4420575882,329249.019098732,319846.1808286775
22,139400,124639.22184869387,123330.40758741292,131581.51640890987,128078.59561874665,130053.16430953828,127082.83782923502
23,230000,237840.74237802555,239134.87432657008,246200.51152767646,237997.61857308427,233944.73533360858,238812.93099587923
24,129900,142355.1624044117,139890.72623588043,147433.86864258116,136323.99464956336,145939.04367935233,142725.0602336201
25,154000,156139.22430695267,153031.48850219668,138582.69663740008,139756.5017253042,156633.28437903017,150293.03150443902
26,256300,243936.6694046836,243203.36785595657,265159.82858737285,255871.93618819732,240503.33491120712,248196.3414956685
27,134800,131385.24492188933,130795.15256745942,130115.8558922232,129602.60255906101,135830.31235207504,131696.65228776183
28,306000,286547.9460655375,283943.9597112555,290708.1767488369,286010.7899127445,278079.917213474,284988.8289038823
29,207500,203839.0487437894,203435.137383772,184585.111136397,163445.72618768553,193179.45731487885,192834.0982093591
30,68500,80871.80811406957,80557.21611210771,71568.47213835006,77813.62856958246,76961.30043940993,77909.62523137886
31,40000,86814.26037374571,80744.1326724627,93403.57014547882,66556.79504135402,84459.1537285453,83517.48340405538
32,149350,139198.83348351205,137897.80640465385,139613.45217347288,141722.4484168946,143389.81630561582,140141.04697091278
33,179900,191769.25459545373,191063.24952709078,199221.27263065614,205059.68856223533,190440.01945829627,194234.7062763438
34,165500,163482.8957095756,169459.03089712295,168758.52432364452,170926.29830593278,163094.2231674915,166413.0009120552
35,277500,276025.6122836421,275679.38487227535,289621.22376595094,312622.41716669657,283138.9655805879,283986.3627416195
36,309000,302627.21794952085,301916.2682067499,312753.01341742935,307711.53509414534,295248.0094106532,303389.5502912239
37,145000,156702.82059905212,157197.90482105,142347.06395040583,148138.8421904952,160474.4275628883,153807.16611972288
38,153000,150074.00190933907,149688.98335004473,152580.50919394096,152469.01885768847,149916.43736363808,150699.24656199414
39,109000,128216.46144819843,126419.5699585589,134873.14498912505,132772.6181592612,129919.0338042626,129909.27666068004
40,82000,76903.08893179386,79445.00137645958,89784.98536741674,95164.11358652396,90542.41235189591,84364.61597436415
41,160000,136373.32683393924,138047.4713846319,150354.99862173217,158663.98784721803,140406.53800377055,142508.44877705013
42,170000,160420.96182856357,161071.107444344,159631.91207966296,159218.0579458775,163127.35649413112,160800.668893068
43,144000,144909.41165882346,143130.19130459215,143548.8083749294,137691.70385154762,147244.78476662797,143883.85746716778
44,130250,130805.87563254611,132070.56307558742,120617.80293655104,129534.58155283908,131157.72041951702,129076.89120602066
45,141000,142978.83600844935,143791.8776804272,132531.615543867,135477.73480217654,134075.48439803428,138496.86239622397
46,319900,284451.9959889619,282539.2510772591,291426.202900392,275143.84258920007,289186.35817885865,285112.5521291622
47,239686,273517.6171668091,276431.0213927884,309778.2057561357,261528.94298366856,277348.9314493315,279582.36494339805
48,249700,238253.9489411282,237785.30392282564,243913.8155881319,230946.68027589575,237707.49526518089,238166.99028207632
49,113000,88948.69161697756,88845.67971441723,108393.17319956736,109932.03067972141,111713.63565509183,98929.46308699937
50,127000,134614.48912123815,133128.28105732088,131352.89833725648,130750.1511153042,130902.42524099983,132514.48364702615
51,177000,171488.97134729874,170134.01185485878,164474.56299441966,174452.2082520815,168230.82549247425,169632.53519209332
52,114500,127967.34979052754,128598.4357765718,125300.62799764339,130063.80732734018,124096.01198594639,127074.61877827415
53,110000,94455.34607279941,105220.29242660024,107182.291645756,79282.70143111846,104089.37126257762,98580.88693898148
54,385000,337709.001442215,332204.2263127828,358838.77353185404,340500.68101924314,376055.2064668423,348040.82366277475
55,130000,121662.29088461306,119451.39707771322,128051.80516903622,143045.57415007285,130062.83895603284,126416.00241539697
56,180500,167174.1934027281,165113.0306122384,169763.3109285658,169291.85835144296,157019.9031119748,165388.8403284038
57,172500,193720.37376906385,191855.5071896617,215603.60220936837,202131.32099231333,215374.64517641155,202358.04607263245
58,196500,190094.43845460925,191699.8814532593,199010.26620130043,196274.95200813477,180817.56512953457,190811.56289488406
59,438780,472215.74242393294,472246.366746438,356596.4250165675,431238.5153309813,483136.49667636247,446116.00163349917
60,124900,122006.35402054223,123425.42234772685,119351.03456226925,122400.5449281231,114853.40861845508,120389.09619503621
61,158000,170362.79783337994,172760.9282159741,171883.74948019645,151368.92991083642,163719.60001077453,167366.4284269484
62,101000,100283.96449935701,104280.69867362967,103143.10248206253,85512.95879275605,94982.20306936342,98582.93809837045
63,202500,203495.57426254515,202703.56220798558,206914.94556473676,223516.40716263198,200070.37992994086,205558.28757885247
64,140000,128833.24060176998,129249.56419887925,152066.76808675204,136315.42500032554,136054.72925754767,135191.2264642085
65,219500,238103.60176630507,240310.83483100485,245378.1019937468,223699.58568906342,239009.56587900888,238230.7309276729
66,317000,296544.5876183932,297934.4411945759,309689.8208568246,297723.7504486583,330966.96869320574,305937.377565284
67,180000,247224.63183028286,243724.53585883722,269728.0124113505,227532.66589523348,243062.0896546367,247094.3184111504
68,226000,213653.57537401313,213239.55293116168,205401.83553194808,212565.0510612838,227351.7555613685,214582.38431417706
69,80000,82931.99305885097,83308.97853244508,89252.54724422365,108719.62117291008,84903.81456991861,87298.96875912051
70,225000,225740.15600305246,221041.71661613134,222424.15780890375,243595.3398445976,209086.74222062758,222810.58817666257
71,244000,300025.960871422,304271.4905799928,256667.8069337237,222138.08057986505,327185.95364506065,287104.80347646354
72,129500,119587.99796987772,120518.83012486284,128300.83538035683,123715.75794836013,121833.48243030538,122248.3207956098
73,185000,202139.55842567957,200525.03864376724,201666.9006077599,186118.5895299859,189098.06712748387,197094.9683414339
74,144900,136458.66300129317,138488.94666002534,142334.0600491197,140516.18777159147,140575.35727173343,139215.61470844236
75,107400,96208.3531790872,95784.84357220732,113043.45568128771,129289.89806358525,95892.54948378811,102459.47273464224
76,91000,95990.64671681453,93490.82516933308,99265.34583947522,87914.53895947368,94530.54628721433,94764.95773242917
77,135750,114794.27839026245,113711.11029523525,111037.49303651585,110951.47048470359,106700.67844407818,111781.67020590439
78,127000,115293.65262612833,109425.11156838531,118559.95418955009,118242.13940048925,113878.33989433775,114734.69451286105
79,136500,115090.75604963789,117439.42289927337,123542.1592716034,124179.70343930826,112127.13257747135,117497.83606088407
80,110000,111328.98878464782,109583.39244912492,112000.42480551908,120291.32862298042,109623.42484504229,111789.17767184792
81,193500,203776.92152014966,204765.45602434452,177114.0623000191,188878.73796497646,201140.9673564385,196573.72368553537
82,153500,165065.7563127737,166688.19014195757,167662.51741212187,163198.30592333764,173506.86264666295,167288.3695520508
83,245000,243735.73311361743,241877.15623688238,241430.8439465858,222356.0273753426,231320.42063351042,237785.89622420352
84,126500,127180.73566828428,128137.41524681858,126174.47740101999,133892.5077615487,134937.24107755488,129501.13771876298
85,168500,165652.90626438515,164878.51361988342,172280.46057455134,171717.6274769189,160173.52475711657,166268.87101887708
86,260000,253740.70045201888,253216.45276241945,285154.09623356484,268231.48762119527,246458.56729534146,259238.6266429857
87,174000,180377.19233068227,178162.45049726512,172567.00020334678,177995.75061648776,179845.54485339034,178114.47307094932
88,164500,167073.05950341577,168040.82040825163,151194.6692728439,170274.2280371057,173540.62180890088,165916.49156593834
89,85000,50222.3374239714,44725.24949027173,88402.82158471955,73812.34359056182,32590.08959578326,52183.90721464886
90,123600,121066.05092254601,122123.28534399017,119600.29932548889,116341.3574507595,123465.87493604438,120908.18452213274
91,109900,104983.27259382667,102518.13480807024,99872.1288340686,99699.18219507292,97510.18777863296,101402.61112229624
92,98600,106304.25553069846,110494.0415442182,132674.925709363,128728.47830702776,105057.34255038519,113810.20760270063
93,163500,142385.24325166058,140860.0116785165,140538.29290532018,129844.01658680831,135953.9486336108,138895.78905452345
94,133900,179771.9414703995,162067.63633283047,204099.16038576057,177059.36404602084,168324.38707020893,177472.44593033503
95,204750,190383.83159980056,192052.00747260355,186283.17734610412,211382.29690017967,185094.96225165963,191289.52940466808
96,185000,187884.47414237054,185295.79813049125,176922.02527437604,180963.2993240708,196928.36599992996,186257.44547154053
97,214000,212917.39993430718,212808.5706004849,216169.46942598396,219173.72861463868,213535.39730344657,214344.69953469932
98,94750,113833.05571489,111651.57280131518,121210.59094299246,123169.09859697332,122504.81443095679,117484.78745700614
99,83000,76414.06484924602,79416.9452475134,88554.6739805609,90243.53000465131,75813.35823968548,80543.73832511251
100,128950,110551.14968745236,112289.56102825809,107669.75821375927,115272.71338148968,106479.6843098373,110096.69012441876
101,205000,216782.09708939347,217167.9097454495,199008.39289203918,197191.0905739788,216739.71617312613,211123.7938038113
102,178000,164840.63754166482,165987.87705218498,168046.35869032977,185809.24303246985,171207.63831299078,169318.53634612012
103,118964,113685.78519186507,116678.0059264054,134873.1420255358,130680.73214727611,112704.66678254458,119627.22016606254
104,198900,183801.61353920973,184487.3609235143,204117.0434788468,196923.14516571054,189498.12075836142,190157.2915021911
105,169500,151809.70578422182,150058.88447853664,151395.37357098126,151304.924021724,155142.31296266455,151981.55825350998
106,250000,247941.652981754,248781.38539918518,260142.89525953357,268833.14087463764,255793.6665133346,254286.01351680627
107,100000,91372.82784429676,91348.1997831589,103537.80529650752,101580.1868865872,94758.54552937522,95333.09534916689
108,115000,92057.41434685237,90972.58540243428,95377.75532243116,105651.75704855459,90598.03814079934,93667.55573698223
109,115000,112052.30954130714,116942.3561974097,121387.87548384805,109736.63837764607,115187.20377408824,114999.30479841362
110,190000,213169.3077633886,216861.9877815824,208252.67626311435,193079.59825144985,195566.98908888095,206893.9894744971
111,136900,148691.3453370275,149463.527476048,140745.28449884953,143969.81681263083,143890.0911858527,145851.06309262587
112,180000,174910.22974302896,171865.16572473597,175482.7152903282,174550.39519781672,170966.9736308915,173563.04582068222
113,383970,372658.8003072744,373275.63255590247,317691.02247482794,293813.0275626619,372505.79531138507,352010.2987755578
114,217000,219002.53176483084,228123.36351831094,201792.09238849752,220685.7661332521,236713.24930216014,221181.53844830437
115,259500,240182.35713303904,243620.19494803762,200502.8986388786,182106.39292441096,232670.47856011987,224116.58503653028
116,176000,176354.43915779213,173127.42969931065,158239.10686325812,159579.859503842,178987.7919973819,170760.58653032465
117,139000,118352.68114232869,119502.00470325969,128567.90536558672,134612.2586886738,120231.95962565548,122621.45717420802
118,155000,150174.28404190284,149637.41432660382,146974.4274821952,141995.22480805186,142439.43504057638,146922.776870117
119,320000,369445.5324358868,377113.1592000408,302828.75783890043,266337.0562848874,310386.6970537065,332358.93999261904
120,163990,182512.02825154495,181339.90822847775,166645.49748492523,175428.27678177966,179443.27811267518,177863.3069761786
121,180000,160178.0357558361,162154.47986386402,150984.9170648146,165436.4974016183,152168.84985983462,157861.28489887988
122,100000,92990.45302520978,95423.68658651668,93519.57712684206,108246.65277833922,85454.4988035769,93691.87635433326
123,136000,140725.77457969007,138084.65183608604,141097.7282212579,140740.84776706123,138450.04753430898,139805.359796022
124,153900,151478.74123037173,152298.96085334328,166362.92103924183,181202.0923487062,150761.63329988957,157424.6832143005
125,181000,158420.92703077468,162255.4442341494,178687.61365835922,172322.92136119615,162132.87686579276,165080.5881961399
126,84500,96039.57483345739,100105.56295086132,91026.5021789203,92574.75167488736,90555.0201729341,94370.99654686239
127,128000,136173.5002977206,134935.84812742358,138196.71242114677,149810.35497659846,137552.21350640277,138134.25036701516
128,87000,89040.40878827816,91224.25362603957,98171.05354512016,112477.27341305121,87847.62128060714,93396.1592955489
129,155000,141836.03930700984,140825.50921319504,149973.94933385402,154628.85814070387,143179.9249311087,144825.95040953893
130,150000,135104.74756139852,143751.45014255276,138458.2554080997,140091.3526199052,141904.00469773126,139357.16881210412
131,226000,220646.46029064857,220104.093158599,213713.75555253198,202394.8946041054,207297.0396504929,214322.18407685292
132,244000,217853.92612170745,217093.5751892245,209122.35265144575,207657.5542577556,219384.32509379397,215166.14604483414
133,150750,151660.4486362836,149901.8206639427,146659.77492257155,140948.27527416518,148905.18821479473,148534.79584289232
134,220000,209625.47117961932,209501.88875363834,212154.1225874363,220028.49403427073,206821.93120878952,210709.86018780773
135,180000,175515.1115871875,171424.05615002368,173658.44436870207,167657.84042968566,176166.7881359156,173528.03247126262
136,174000,183771.26597834108,185424.1477412867,182728.5332112666,172312.97439118693,177662.31168024172,181267.06655503574
137,143000,140347.31228879705,138994.39568531615,142905.15337743875,150855.09013669717,155757.84491882054,144739.30844356187
138,171000,200653.78512698834,202838.9512797883,231609.33883351868,178632.6099133166,177353.8729168196,198529.02232959078
139,230000,246145.01655192714,245732.76395414048,254362.7717187117,256585.91577707484,239332.7726969277,247365.96142502927
140,231500,202021.3549512601,203007.48457355468,186675.74352505672,203521.5061549605,213735.26572111712,201802.196977925
141,115000,96915.86713829762,99623.87853096404,119833.00594848083,107729.9306405452,102891.30140261744,103774.5898855599
142,260000,242435.19180028318,242452.0126331496,230065.1236987217,225831.94545866625,263313.11271475407,242094.95751604068
143,166000,116614.96365039641,118584.87417656172,112623.17524285891,125769.48944302184,119838.73635274977,117975.98816174406
144,204000,217736.88792825484,217732.4616528558,214299.0602481555,216978.10321526136,235665.39433036544,220483.93992716272
145,125000,137361.29100102314,142184.57786007342,152179.490458526,131654.4497368201,140643.47831478788,140834.83780827315
146,130000,138711.332374885,139084.5132259732,156431.48942947495,139051.42662544418,138792.04950423408,141880.158582727
147,105000,111357.05816961163,111039.61008912323,105380.60096915049,107767.24406430508,107996.23631874597,109090.76050591857
148,222500,214339.45720290722,215885.3672247809,213222.08365840674,215446.58160703635,220356.84663985483,215770.03653068215
149,141000,152116.18375841054,150910.42989155295,164908.84242972356,144902.21692600433,144082.19741849363,151548.43595548742
150,115000,109828.97271039755,107912.07333664234,94745.00939363452,103890.93586949204,109918.11721819246,105879.62807685576
151,122000,138974.38464377352,136960.6371057858,139328.63653394903,137594.92517616483,145950.7352064392,139830.01339503482
152,372402,322376.9235834296,322115.3652688966,308404.4783733408,325157.82417610526,330253.1404758912,321642.8417857259
153,190000,176911.03610201503,180806.07399576402,179082.29047074798,183934.79171246907,184576.01249372927,180431.88017974523
154,235000,209987.9379573323,201257.0994125189,177710.29425715198,176880.6933621066,200513.34157962073,196113.33448124354
155,125000,101310.5295886389,100766.5643299639,120683.44208279753,99914.86755215538,102907.39528336031,104592.65569516846
156,79000,86519.56752513944,87698.13945771109,94072.16407250923,97607.70503395211,74760.56910240461,86781.67188787292
157,109500,118130.28089523684,117466.89869276024,110464.78037241258,110211.24445464992,110901.99830720034,114163.36114994358
158,269500,269219.0270861668,272670.8089861491,291824.87365184113,280759.52752237656,265479.56438111025,274465.54306357994
159,254900,230939.24423718845,232585.39784531324,235718.0758368913,236402.8571016108,237829.4892685086,234146.67672171237
160,320000,314259.92217946623,310665.0347198356,276038.2338407726,260089.48768951953,301831.39047459065,297021.0699419153
161,162500,173760.2025016326,168954.37235626005,159192.0271931971,164580.86671857772,178334.70472909845,169862.5010818193
162,412500,417013.89053552324,416722.73357526126,387894.90549502877,353664.2324473322,405451.0407008521,401237.7173065773
163,220000,247148.73767529623,244673.90237946511,241109.7672566522,225136.67587200884,241859.23646670635,241774.11350724535
164,103200,94883.11728645297,96377.08486314124,94251.02141883493,93965.80627087154,81979.33935881552,92218.95679940609
165,152000,141763.91274624912,139247.88629248916,141070.6590038038,127573.83915943677,140826.28074491207,139172.73869022232
166,127500,112727.88116592991,111866.72977296668,119710.36567186602,115367.74434534107,117648.88831122676,115075.0051574872
167,190000,194938.23783584122,200033.11129143383,179273.60782520595,179786.6266668508,194117.06735381778,190987.9933306791
168,325624,366045.1622619185,369275.10852775787,366220.83738279017,352308.2917121106,352947.4938394512,362390.5983219677
169,183500,191346.9846126173,193818.21180563324,195769.6060662837,201211.50196813006,196910.52519266482,194908.90160832106
170,228000,218918.96371969458,220483.7830049492,241710.76101434586,246891.95753966668,222787.50563348082,227212.71142978375
171,128500,114569.47642512691,115217.1661835376,129213.31989109224,129715.99037193888,115543.23403616088,119170.16994483676
172,215000,208191.01280978994,202806.43193459726,184763.73386937796,172724.67175269785,210971.15355031317,198734.42182479985
173,239000,225651.87594879162,228695.38012098588,202318.0096430438,199247.27479828248,211776.0716565817,215810.14076785475
174,163000,151267.58165508907,152335.83094363514,157222.23842233504,157577.84710794836,149817.53309535916,152991.9697755846
175,184000,192250.14655665288,189396.0242804762,199988.72511630954,185331.52346981675,182853.4099936973,190278.49025964647
176,243000,208272.17287543294,206807.64233308582,222451.1299425251,206449.8401954937,219081.162635424,212375.13917370894
177,211000,228695.69489855808,228167.46580301863,212377.04717996763,218718.06754363122,219515.75595748978,222529.09625528476
178,172500,164261.1489019681,164307.1889445487,155083.59878139858,191556.50270138003,166348.26514134536,166024.780220258
179,501837,474181.785379887,479715.09777094086,398261.1761309608,386971.6717412723,486883.9995586845,451873.60930224153
180,100000,106075.42786988546,106012.19458937625,117030.1813492879,104533.96145078313,95039.92199672037,105424.44723186655
181,177000,167991.41795757556,167555.30175564776,172455.68150639426,172357.6208872679,171359.3901204887,169892.01035890845
182,200100,160762.7571440352,162229.4120907447,179759.49830259912,162665.94888856067,168806.4984452809,166172.63926744545
183,120000,124056.86486286538,118559.09265841877,122880.34912364914,132853.76152266288,125552.0031179486,124036.54084887855
184,200000,190591.68895811422,197689.56173869176,230807.8101889638,173872.07493284918,189011.88476689404,196217.8153317161
185,127000,136558.68714588444,132245.71846060178,124647.4142963486,128419.3188969856,131629.503277531,131522.90927986498
186,475000,355845.42362402775,365099.94766030426,322427.9690259724,341425.3428598923,302941.9380994456,338568.09546813567
187,173000,186030.29835686664,184603.77714656066,191094.27607284393,184045.57484552966,184726.04789514048,186142.04335968936
188,135000,125440.76662220004,123860.0516185497,126898.91977726773,120433.66747839244,127749.01427556007,125228.0301809443
189,153337,144834.34349160225,144951.70008375437,142778.10833783555,144643.5994654738,150853.5357299688,145643.87565341083
190,286000,260516.46704520227,269247.12434526876,268315.7291362329,271281.87893514795,272717.73024692864,267356.1888347578
191,315000,258065.16307714477,271023.9072559703,283923.2848020623,262169.83778784453,269552.7997121828,267950.89640828106
192,184000,201549.77288665995,201862.94410686332,178979.14426305227,166588.37727406874,183640.34764074095,189330.8749549553
193,192000,195937.7021813694,195149.2762482403,209238.37373791393,196281.41270157634,206927.67979480952,200324.2162358688
194,130000,142111.82882209888,145407.55793950692,180220.25747260396,136332.95521919924,141890.7428639487,148215.64224213106
195,127000,121147.68608319641,120893.63674730825,123596.49369800555,126045.45054640342,122833.43168865294,122451.16207309488
196,148500,145785.30720195494,147390.2139199862,149471.54711809877,149829.80799566658,145733.62060657507,147235.362511252
197,311872,336454.65055488213,325210.74956185895,280742.8574238798,298769.7507100507,394824.43026445137,329251.4639340133
198,235000,318729.5579352317,314210.0414014273,274446.17329150165,291033.3429236134,311795.6308470573,304677.33170227025
199,104000,117765.46155998095,120286.84807662206,124217.43943473409,114156.10103461925,112154.9387919266,117805.46874194464
200,274900,307602.8167076969,306797.2760742026,302576.02261134825,322132.4923477729,318134.83559028094,310315.87501088006
201,140000,132009.72127702768,131130.89961213915,139119.98687564043,143271.94195706164,140983.36892180122,136177.64326642914
202,171500,165450.86782267314,166068.09274901875,160557.6816530881,149850.73379223645,161619.41581259813,161975.4977256095
203,112000,115489.49327883148,115038.54429767642,116595.12369314651,129943.77119777586,118787.24039023176,117906.70563699437
204,149000,140920.62726045377,141237.87118119854,142073.33549855318,149158.7276407171,143892.2868064123,142751.34554547316
205,110000,110454.02115588023,113692.27420348855,108861.09462561953,114621.76894061634,103799.21806440847,109923.00871445402
206,180500,194855.67973991865,190261.09059116928,183088.18383879043,182257.22990218125,184205.32166798395,188107.18373381783
207,143900,126110.39856056264,126379.25419410499,141720.8782181125,145857.6643703797,134331.97147472017,132777.93520506765
208,141000,122997.569906102,124716.10415294116,134546.34007245424,135957.3910685341,127773.50483617952,127834.15621934754
209,277000,240979.16815346194,246693.0990377917,248814.04232224854,243130.9997033321,257617.7724615169,247046.51681677016
210,145000,158377.07177995826,158149.17713162152,146869.8146300322,150255.3092560063,155094.0867408701,154563.72182742954
211,98000,95954.29121387027,95267.93123837288,100071.98968750566,96992.78562576436,93327.07629437144,96133.59619328409
212,186000,162536.77982522018,163119.55857721294,161779.95078163483,176439.58497282022,158561.57822501124,163314.31933267106
213,252678,244800.5517907419,247068.4889147787,223508.55577408525,211718.9324858412,232205.85574581404,234609.68507087103
214,156000,150914.83027502603,149997.64777207933,148303.58293341054,142233.93629534377,146495.0077354994,148309.4124812438
215,161750,149616.30856052606,152907.29262295837,145089.69521685815,149256.2405274488,153032.436030561,150072.97823412408
216,134450,129851.15693033458,128209.50009826307,143195.9534255755,144795.38079655543,138200.4583775974,135231.47588219403
217,210000,209252.3142759529,207098.27136134374,198858.4616034701,212982.25848016722,224080.92448730636,210211.5137716213
218,107000,85910.69653719391,86813.9571993926,89538.87799202978,95923.48341579363,84827.816326224,87666.33145613356
219,311500,241199.36036450026,243666.20063847274,234626.62706076316,208766.3947820947,237717.92353230756,235673.893110426
220,167240,173352.98109191345,173831.96953081936,183049.93542114247,173045.5042395518,173952.548359001,175240.001000419
221,204900,205920.77588830914,208092.59814973638,215660.736598656,209182.89037459003,205393.13926349342,208362.94997253505
222,200000,212449.74863711087,216565.36617650182,187171.69467949582,219662.76059921278,213702.24703628695,209541.7138326718
223,179900,169523.1468464377,165962.30320791836,170112.80624489402,179467.81700037574,169269.810810112,170019.03462809353
224,97000,108731.45669446021,109822.89122880138,123255.83314146168,115759.98494298279,117143.17240117642,113962.21954121
225,386250,426513.03975890775,425501.77714798594,380815.60444433824,428414.2201329178,431751.1252194965,418946.902840562
226,112000,96180.25221847056,97406.5231158259,97181.04751491826,103257.56312516284,91321.3297155792,96425.77499253834
227,290000,256151.0533738352,254479.03275134866,249023.3463908667,267509.22266210587,257208.78722820332,256059.13165922614
228,106000,102190.83914431604,103511.8054816933,99497.32406113959,101036.49332346111,105683.8971482449,102510.12782102534
229,125000,110073.97139907077,111596.99805856429,128344.07392952236,124682.2629157323,116790.89962502565,116552.58480401384
230,192500,185708.8162887165,186866.0972702865,199381.48081211775,192217.07169713557,196827.35203067394,191324.79314315
231,148000,134893.4335360286,134632.3293858429,135575.70576490255,139637.28108447866,136226.37070770215,135791.39678978318
232,403000,370410.0305954599,370275.3819904379,346676.5030045161,338125.31823950313,403602.34938913415,368278.39738722885
233,94500,98056.35159388388,100411.2573178273,101702.84580488523,110671.10036723696,97027.16873765524,100411.15011598248
234,128200,129273.81927076497,127209.44752165767,121787.77141765549,127409.74419078733,130562.30643144972,127512.7438602036
235,216500,213296.76916597513,212737.2254129604,198978.5904233941,208758.171686029,213831.70132425087,210097.4403976985
236,89500,95295.8142468932,94732.5672613387,84280.40147232525,100288.50957626528,99749.13222132712,94533.28954339611
237,185500,186683.04688006706,188376.27171417116,188858.96390581873,195899.45066072635,190887.69006755523,189339.42026582648
238,194500,227816.2005868534,226905.69186124025,206956.0661600552,200531.74230658347,229408.87582978007,220641.16886749462
239,318000,264112.12238320924,263027.2236303832,265319.5542032687,263104.89973997767,272001.8775634358,265549.17721803254
240,113000,118101.56909672589,118505.18844689112,136628.32229937258,132215.41591638402,113547.03813442231,122014.24229318694
241,262500,251247.19321868292,254467.68933166025,266353.7767187808,248163.59690670317,279852.82858648855,259713.18622372524
242,110500,105425.18029644528,105792.11402186,98189.18912970497,102727.13260632733,102854.1184653382,103321.80504948947
243,79000,95379.3244906272,95475.97479685304,93916.29898670348,108176.37226157296,94221.9189276185,96346.23545711937
244,120000,134228.21063485488,135040.58390637042,128505.24061763461,136000.96188969014,137680.04312804528,134230.43258258086
245,205000,232549.42232071963,233497.3468859646,230258.30714622495,237460.8727029572,249155.04247206857,236142.80026414056
246,241500,216824.3733663902,214717.45973604557,230307.6238906539,192162.00092858437,205224.1651311035,213258.91854997576
247,137000,140033.424645921,133610.61467192983,134302.61742945944,125068.35767961276,136452.35289169144,135128.45537669788
248,140000,139474.23155155493,141910.26955617737,145809.33300588804,155026.56594996218,139076.92269460062,142801.26937338916
249,180000,189177.16808229976,189597.86999921352,192568.32993513191,198441.4213703392,184247.13654867886,189954.07369001204
250,277000,312233.9372143968,309742.5628814552,241821.1546486456,239855.50246591703,314713.74017689703,288901.8318411279
251,76500,75406.61372500549,78219.91559130355,91140.56370370496,104517.60716646667,84403.83573365949,83600.64122420178
252,235000,266123.16563367966,268572.9898334089,265468.7052620128,257467.24185681995,275003.2565406065,267186.10938160453
253,173000,176364.06241000988,178266.5508115722,174345.1635340652,189062.5555454397,182451.89736876593,179065.9964145489
254,158000,185795.9126967714,177825.01250648854,152937.8024673843,156594.57459138244,180140.6209940329,173148.06104651076
255,145000,137466.10461162703,140097.3665803925,144084.007200156,140506.814877288,138377.4461119921,139711.53738471022
256,230000,227928.82190533233,226213.77415856367,216568.1379440176,229423.83760446124,221911.9515752953,224472.61599146202
257,207500,193532.4926103272,196057.85206743266,185067.00181498032,189417.15516193953,191389.52019781305,191556.18604990997
258,220000,238777.54478578042,236635.17377517885,230847.91026639228,234662.95751850732,243992.93404467098,237433.15862032224
259,231500,211055.08429416097,208229.57834262724,213841.9606484139,218583.02160482673,196810.08345498584,208933.17203669282
260,97000,101237.26528286259,103671.98698606856,101931.26541708318,107158.79432526224,89796.51112482119,100111.73290350089
261,176000,167269.6669862811,169454.47330994502,183385.43104519884,156536.1578887147,167633.93309201795,169226.19305717738
262,276000,343669.50394857815,343641.43012168305,331462.2568132236,334801.67449201643,397767.0421602832,350462.7089595348
263,151000,160806.43412505466,163244.20035035672,152195.34755779695,156544.46626219852,164838.68773536492,159977.60238203546
264,130000,122397.34995640871,120258.49628921435,125737.47100694332,121438.68928091066,124905.30029719745,122941.19513265947
265,73000,83830.92615005902,85738.54265177721,98349.40728950556,92692.1520183122,74534.61080886186,85678.56566617849
266,175500,178656.0100622363,178687.96879079458,180837.39950705005,181941.97336774098,177487.37363985906,179209.76814004418
267,185000,186642.23239640877,186280.6545122548,174498.02082656763,186171.5742595094,178351.88304871367,182601.341318337
268,179500,193623.105287839,193187.52098580523,160643.80293319625,170952.36750186485,180908.11985835325,181875.88376382677
269,120500,109751.39342430943,109658.63157029182,110536.8383009693,107127.72158980311,116547.11768079482,110879.53020968457
270,148000,152878.03152466504,151549.5798669496,144630.2655511533,137906.808578581,149324.84408448997,148538.0867439163
271,266000,262443.9305374689,266022.2396339039,262345.5115966296,253331.4435769767,289346.63689186395,267188.76031888335
272,241500,192432.46966451785,190322.14300397996,204559.95606324743,190426.11219533745,199944.68029824336,195379.15795149643
273,290000,316324.5272435932,314878.70700071374,305363.93095172354,306433.17409229616,299383.70751123066,309415.1953917321
274,139000,167739.8848763902,166710.3478174188,175130.63614105238,162859.65409493985,163330.50345832275,167347.67312233546
275,124500,132227.39135792208,132318.273694705,129887.08165368957,126245.80153960499,121216.33681758026,128831.04608596618
276,205000,167343.2974006972,169603.8469494952,189398.60555620416,162270.63061975213,164052.35152477561,170263.96490806842
277,201000,204001.9061817598,203178.69572917296,210305.22830214858,224614.1066224464,214123.71972562346,209355.4707689449
278,141000,106121.92417121529,106144.35449312603,107685.41214755042,101729.78942380828,103668.23589404329,105373.6617251964
279,415298,378958.05329953186,383402.1235015378,367236.83289112314,387009.9604323217,370081.6746691047,376864.07555729285
280,192000,219034.1097081508,217128.35088871082,221365.25989052103,202344.93218568395,211968.43093371377,215576.71695654572
281,228500,219590.81273092088,215103.62977494553,224747.71706469418,228538.90896564288,207681.71484603215,218209.58371538625
282,185000,198536.0441743463,195215.73008233562,169362.68362148647,178741.91871485204,192705.0925456883,188750.35378962685
283,207500,209467.14885595778,206276.26295320573,211730.37258078234,224777.95977392665,214475.85459538703,212007.7444135248
284,244600,228857.33169877503,227801.7916102173,254884.55287944496,254584.65825524158,230200.48014660747,236398.01399095476
285,179200,176501.21460795272,178280.509537438,175736.1619102805,187969.86162147322,174868.0352153809,177726.7342633384
286,164700,169741.07195967066,170024.57801695174,162102.13579553066,153746.9075000575,172931.981554956,167029.13345956185
287,159000,185735.3199178738,184843.0013776836,174609.09829038626,181964.59143736964,181095.06461960007,182129.68574395974
288,88000,93839.33959015094,93820.43597726138,104462.68089928149,112733.05889714698,104356.84536224905,99893.75424701917
289,122000,109063.17521533063,109595.87474957174,122117.637389691,120454.62083750941,109697.78225655781,112880.98312344668
290,153575,140007.07271878055,139909.2252863238,136479.24115866478,129819.32281477762,138112.70799297278,137712.60722160898
291,233230,253512.3420367363,249436.31329491426,261835.42114438736,240425.919165428,254486.78886425224,252747.91559143495
292,135900,112670.30578058895,113425.97357139012,122016.05444861791,125752.71995233333,145944.8893258217,122129.41648616438
293,131000,136004.48495038156,132497.8052775751,148109.98575523306,144864.83100733603,140738.87639205233,139383.4664539707
294,235000,223944.65778388735,228770.82548150333,233801.8911934324,219869.93561285592,231335.2016606764,227626.714732689
295,167000,178320.2756006378,178394.15309276033,175289.27646699068,157604.0148839773,154536.8769899,170226.35835566383
296,142500,152559.09479760047,152349.31145876626,141363.64340993544,143799.4438982893,147182.5898417911,148307.28199895992
297,152000,124920.94808476213,127592.72641672145,134549.58208068542,120814.26290801351,129539.336334779,127552.53930466155
298,239000,245970.52175626726,241466.83284590984,216900.10733016522,211742.32854613953,281848.5036343871,241803.87194494775
299,175000,176767.37701409255,177811.8270911383,177648.78857086846,177726.95730090697,187116.32045699313,179277.87682633087
300,158500,150526.04165583922,156606.07329462146,160571.99233543954,148121.69700992169,156411.6149112241,154380.9888135529
301,157000,158557.2113346493,158985.4217323487,156270.07656968676,146296.66331135973,152482.92400694377,155488.14510022645
302,267000,266342.2080913723,262257.64884387946,290668.00182557746,277484.84322170843,257754.40921378744,269289.2804720733
303,205000,226003.7387662546,226552.87316840558,232005.90227483888,230155.9534662056,217124.10532824346,225861.75712306815
304,149900,132012.92581128288,134381.51555262078,132025.9451109071,132203.22217532917,134730.213767658,133049.5959311885
305,295000,289669.61678393645,311403.48635344283,291527.50968193053,239509.11993301785,304160.6895533169,290413.74230964057
306,305900,298857.30004780897,297924.7552938052,307202.2474638883,277424.2359454857,285068.07363529084,294688.9922467554
307,225000,233880.85974505264,235222.6058646737,236965.4612707575,253974.0348000092,244434.74792081266,239135.92950565022
308,89500,95704.79365799607,99942.24216403857,106091.37816522946,112923.23505264982,89631.2971289732,99009.82357042244
309,82500,107687.6810738972,107980.76481730127,120340.36331403974,124846.54897356489,111637.16656475983,112699.00363959043
310,360000,370226.0167132451,370663.8044605535,375804.92372491106,350055.2047293379,409171.5244020144,376276.2666255983
311,165600,168650.2296612767,169936.3393981798,177176.06321259844,180243.39297792365,169319.37683768908,171913.78292262103
312,132000,137857.21824454717,135523.7659148225,130827.98431190003,131077.51740516696,135520.9378574602,134816.40055361696
313,119900,127337.77910806055,125628.20032687609,121812.49068163242,124126.81303114997,128601.99235185576,125846.90804793013
314,375000,450035.98403879924,459777.89445709536,250794.92738731595,236872.66256740518,400108.37150118855,367907.4071829069
315,178000,158544.73830435894,161118.03882579543,172851.35728087282,150606.0204193183,155622.8776503109,159959.94897837483
316,188500,191524.24456562373,191983.43497943846,182641.20061545057,182558.62838542124,188582.28116011526,188311.18476357852
317,260000,268218.6715144321,265724.0312529525,226357.0100119188,266712.60672292515,301329.7976679505,265600.8295600725
318,270000,252494.55530082653,258197.32070065357,260405.06975846883,253302.55539098117,250742.58611889527,254779.93279855623
319,260000,318681.93727208715,320665.4715961872,319943.0533586031,321328.5436802027,338626.3520365076,323525.72947160824
320,187500,196436.886246338,195254.5970819002,209943.66855350873,196032.42225094014,192767.03597191218,197765.97297341307
321,342643,357959.0063182086,360253.52509580954,321635.6123461129,252386.5875978845,330927.8321865465,331888.19043894194
322,354000,337571.61558420316,338950.63594836975,327947.0602247099,339674.374119211,337099.3915081398,336248.89727024443
323,301000,286313.2972664523,286183.62034053827,253522.42175017265,271054.487504547,275460.500998371,276110.56082511885
324,126175,124172.33079771505,124290.40123959203,132126.82352209036,118022.24045530164,129607.67158089172,125902.73175042748
325,242000,274957.6336098236,258776.8450811324,252335.27515193546,261697.34693715535,281720.58737714164,267190.1772027094
326,87000,94479.54613600594,96420.00214472972,91540.05130974604,92571.3819831165,76999.03572955877,90323.1463853986
327,324000,291299.2008962898,288863.8229173759,261732.2562418941,265574.9562191313,295266.3121187484,282878.51251452754
328,145250,147273.18455336193,146703.60588569936,152184.61828587952,149563.47881369022,153877.294651102,149611.84330602564
329,214500,159632.5229819401,158545.11525192618,155006.2504721738,146741.35505382856,186874.1435927543,162004.09713615407
330,78000,83275.73970923504,89137.8955528609,88611.1103936963,93631.70898584282,85242.95112213586,86979.7890959297
331,119000,144019.08990531781,142564.87077143707,135155.10592530193,142915.92549290648,144036.99713151905,141965.51217871575
332,139000,132316.85209637048,130710.36360200238,136737.26043543368,136654.93251450855,142351.97979012917,135255.1876487503
333,284000,302444.95652501954,301141.00386597245,265880.6439030821,275410.8109198893,330640.13164363,297207.8853845174
334,207000,199824.9556165266,198089.36752041246,191233.53711918317,188256.84286588238,200672.50422982514,196660.14193106708
335,192000,206031.95230294132,203344.3225198007,182181.34430019394,194161.51620804638,198126.06702764187,198009.20969752767
336,228950,315343.8904320418,331210.45201051945,208739.65124339974,189153.22726837636,301244.1731456966,275541.1356345685
337,377426,366631.8508659832,366930.0398929214,348529.41874107165,357813.7633993054,341059.0377756575,357103.0574937859
338,214000,213014.9739064343,214254.45180028214,220635.06108035182,220930.72990177016,226790.23461942244,218276.02269409376
339,202500,203772.8930303226,204739.906806787,217766.75691601954,199548.7123491576,199763.80393656477,205084.1707624265
340,155000,142461.36246049186,144771.0242594981,152342.7691981275,139206.09830185497,141490.36007086336,144058.12324434702
341,202900,212829.9157300582,215199.24697200453,232138.58309064747,214489.14181397142,211812.83272321094,216656.4200681858
342,82000,77682.79682372068,82620.25628333766,90087.31101649388,87246.55875577204,73994.50057230328,81111.77668705411
343,87500,87963.33169778294,84136.31392333035,91610.50820657807,92583.01504732865,94041.20833306713,89553.951261955
344,266000,271445.85889540456,270175.181799347,278801.1726154551,315926.153326077,292079.43561484694,281603.1779591193
345,85000,93339.87651422893,93591.38122711398,94146.9158217432,96920.6914955035,93258.03428349183,93941.97095665148
346,140200,135150.4164449278,133120.40521935385,141216.76009354234,131807.71542779997,135581.04954801846,135489.72628630826
347,151500,112103.18485355808,108467.47062178675,142178.0867025973,135516.77977255682,94453.76771767167,114904.81587212099
348,157500,178958.38008253524,177106.88220146036,188099.04792164598,184576.46270014945,176017.15775199246,180266.25929409178
349,154000,190841.79380725484,191562.7892156645,185087.85788786464,183318.79427963385,193414.12610247516,189528.61198867502
350,437154,451853.1998991167,442732.16469817964,425623.2845407707,449656.6729365854,410114.20305092534,436393.90838095837
351,318061,288651.9265387596,290101.44955692487,289431.1867264896,281483.7710388008,315088.2316111181,293306.2499463811
352,190000,193273.2991914678,194465.70251141087,199586.1350471121,201193.2455887667,207465.3462267487,198365.59491420537
353,95000,97109.15989639239,99059.78368817546,103420.15294877831,107476.6224903435,101912.27828111894,100783.50349495684
354,105900,109302.9732115031,109776.3929678876,116896.68657839204,117964.66082493258,107583.40272152463,111392.2736837334
355,140000,144800.83078241025,146224.09256722836,158225.6401077059,145755.56092270085,144862.72277932765,147547.30602470363
356,177500,168383.2532503359,164823.3670417985,161999.31094396,180022.32773663374,176677.42709561382,169465.45224486777
357,173000,165925.5058749005,166648.70053437143,157104.53178560577,173365.29752543024,167701.25150900468,165665.09802372725
358,134000,137635.84041092318,133711.773286205,144685.3826384096,134824.2738668235,136829.99721241213,137574.60202614494
359,130000,117121.32153220581,112506.60176373909,117694.3822760279,125742.63672154205,130945.12722261522,119927.34074832758
360,280000,295068.5857982737,289939.4251071427,253010.11066837778,257453.87152156868,284121.6616670984,279246.6478733245
361,156000,161606.5578592339,160843.17409899065,148626.87585820502,145743.12558004863,155001.07912316776,155773.3858969695
362,145000,132831.71089939892,132875.11421319566,133747.7810876067,133434.84644898507,150022.84658237555,136356.12179631536
363,198500,188092.515621503,189592.8138446878,191374.33265304397,216791.71779676407,168256.17666503604,187989.77336759103
364,118000,119486.03169243492,117927.47203098802,107252.47921566427,98571.89136646791,133680.45225209065,116803.38485381317
365,190000,177874.8686306143,178477.25503923034,177110.8172062471,186535.27191693694,177801.80972468393,178860.16225425966
366,147000,112635.62514003967,116712.80785858816,127527.88326015405,122358.10983891778,109939.71370954142,116595.61551059657
367,159000,173481.9914094326,172556.04598526523,169199.19968719693,164875.71942086017,172179.43659883697,171209.9939094256
368,165000,150996.44679346122,153435.539811174,160347.9361594826,152397.4251736222,148099.20979167632,152705.4311610485
369,132000,139978.98246834258,141113.77217578873,147991.0445387443,145957.04959668033,144957.25012996345,143327.6916645872
370,162000,171967.66884145277,169368.42449311807,154422.35390332446,150747.2123266711,168413.98530789165,164829.10852353706
371,172400,183414.22964588695,184633.8845006424,170543.7248730421,177749.72217266218,176566.76142223223,179217.94207974462
372,134432,112635.69002709047,108466.51614238232,124104.08025648857,147575.0042164685,118814.9985299711,118767.9447376971
373,125000,120813.896099207,121442.84922254836,123434.50276100861,127193.33696056147,122941.60324159381,122586.75184365822
374,123000,123082.19567223253,123454.14115053008,125810.11985112046,131305.11711705217,124429.49090087388,124878.29783890609
375,219500,201953.30832274756,201515.30571764355,208252.30298397003,200407.10990255713,201338.83508604884,202674.0523038609
376,61000,51963.59761618613,57699.736949064,87547.77256251467,69943.50995918187,51751.99358240408,60353.69849486835
377,148000,141616.01282291888,141975.9340956394,136203.8635935068,138653.63374446254,138332.32042567228,139684.18432290928
378,340000,281095.1927948777,287397.32578965643,286608.0142640053,266037.5393077271,280770.02589005453,281402.38181054936
379,394432,315981.1567983821,320058.77961452847,318924.4426633673,341226.64862911,352792.3563064175,327398.81026490673
380,179000,178129.74971382486,179614.1934384964,177950.42465923942,180459.46857823143,184171.59557091884,179867.61836241753
381,127000,154586.86427136997,150574.91898719638,139677.72643592814,149021.24311641318,144181.99049217778,148250.84570708894
382,187750,208625.71071894918,208569.26324897027,196386.24722692103,194475.74439562263,216651.67983424378,206175.31639912733
383,213500,202672.94648546985,204453.1764520524,199722.111568085,202450.59543888617,213012.06317643792,204490.59612053804
384,76000,88824.51921290478,89103.04662340024,91098.27009587725,95737.63686488573,79573.1689874685,88131.96572765723
385,240000,263114.0138106798,256328.68461735442,239877.06407955431,235194.56286741293,254129.7873587588,252222.01766756485
386,192000,184792.07890284248,184716.4153453216,198958.298965405,196532.7020772844,190709.00493118897,189832.11853807454
387,81000,79345.8325938538,85230.27970634888,89790.3215942372,100505.29909792433,93103.23161085683,87420.43753887719
388,125000,135590.5257400045,137190.23447638494,137504.68276540693,128278.8682080066,135823.31743515664,135395.45086582212
389,191000,194634.85627640405,194611.05807695258,192949.50256185615,202062.2678344153,186396.41808285745,193519.7470130322
390,426000,439734.1891731547,435920.9757868302,421323.8763328173,398734.7753103308,400284.69754523184,422498.7304266206
391,119000,131694.47300017637,133437.15399762482,123110.21962945642,120086.49324285075,130582.23033100537,128793.71669742018
392,215000,222459.64611736732,220818.32140710103,201736.8017331482,212352.51549151356,234296.1710885365,219302.53247168174
393,106500,107615.73307080424,107028.59007901029,103815.45151712891,115151.4773640242,107540.11402960165,107660.47527081
394,100000,84677.32861380617,84079.34828908577,104531.00032313437,105802.34703800712,87716.10305906428,90842.16054348959
395,109000,108459.76747098267,108865.494507109,104896.03343777618,108020.25404617074,99654.23850596306,106026.65571528487
396,129000,128244.59178505474,127996.40165839026,135716.86984153456,130359.1970223994,129288.30097005513,129973.3185639001
397,123000,123878.28670325702,124512.0886536571,127361.648291958,133166.33193061265,122233.83380914816,125375.72049923429
398,169500,145310.38617439964,143187.5293105614,145172.42774187497,155614.15807466712,154440.96316511283,147845.31809295923
399,67000,74530.8274492403,73000.70276108639,88943.7811379018,94504.4183501879,74974.05491671653,78930.24940300849
400,241000,209520.408345962,211396.11611215444,207629.14892923646,203951.22620423537,223139.63008381292,211523.04983389066
401,245500,232392.24961198546,231832.69364547482,224636.78757002798,223299.20372258493,250379.61408492186,233213.79820601136
402,164990,192545.91262400107,190177.6219635215,193334.09846032114,187952.07188987182,184768.68581988898,190081.13844859038
403,108000,110812.20579042836,111843.02351134102,106380.5969008502,114017.25436163589,104875.7523903748,109371.65526500034
404,258000,230986.0257036696,223269.48553269645,262864.4361244529,258988.67491294068,259484.8278867009,243674.12044513068
405,168000,170214.88685548335,168629.03868731981,170879.9950787567,174614.65630500266,169164.91432941036,170326.3724495702
406,150000,150353.890644142,148443.2596223059,160102.11229349533,166250.99054048103,157466.4829422242,154941.3391841785
407,115000,118439.82813562622,115136.71130870338,140257.53728305717,129669.38991232713,118894.68341029668,122832.07937339888
408,177000,153132.3236152922,158669.20001649784,155580.2995506131,147203.1661455931,162503.46700787233,155773.29355138005
409,280000,282384.0012860541,283007.66787117487,261312.24919134143,267313.63380272745,271489.5226488077,274595.59986354306
410,339750,322675.87904035934,324618.08717232343,300051.2100187024,315628.0839240614,324067.5066518214,318293.549279771
411,60000,92223.32093897628,94460.96484157976,111997.28148669458,120555.10461435498,92504.75787155055,99159.68936235487
412,145000,125242.0279933813,130206.7601095656,148883.21457752946,120067.88998981992,127973.01564638024,130112.45767204241
413,222000,261539.97400235376,251467.2840035757,229615.58375266133,264659.66629995644,283120.87459658727,257902.10042005993
414,115000,102106.62906258334,102156.00976131295,119687.82559275965,120166.96310445138,99115.02772878311,106517.28433074529
415,228000,251779.14746532426,244399.56369625012,242329.69314134266,247705.06252678466,240513.19771414177,245821.1099918756
416,181134,189273.3631724364,190704.60252030974,190265.28935381045,182884.4670405621,191285.32723779575,189356.9967225917
417,149500,157146.3991836476,157124.2095077208,154379.5847943533,159680.169802932,148859.61062114398,155250.00488055372
418,239000,237263.14520213197,248521.44077457258,205657.71354095644,209819.33406554876,252988.66959651597,232942.98636585934
419,126000,102305.79389214178,101652.0063132721,106835.00035841709,102617.8577198245,110534.7558370206,104618.436818828
420,142000,141877.4757973191,143116.1571575693,136973.61080569364,134563.5260466857,139697.31002481526,139899.22364798008
421,206300,190541.6136918746,187891.31322250722,209701.76854239768,172547.33483654016,205998.709051712,194029.8569399186
422,215000,212335.05906319187,211773.62308094514,215858.69459529055,208815.61501194624,212651.98846773666,212489.1944829463
423,113000,108685.95984923265,108380.02627384091,123222.90969391132,120944.67987496615,107199.7470231133,112231.6937699983
424,315000,311248.6442871038,307678.7288105406,343582.06537018716,326461.80173964193,344649.81601341354,324468.63301887247
425,139000,140178.826016169,139732.9782171895,148920.9178850947,149192.42313629284,137852.6832528841,142209.6913456372
426,135000,146634.39098137728,146244.4029274771,145105.79443929114,147075.29583488381,144422.68499519813,145888.71846532924
427,275000,243763.32520560024,246693.4543499454,231907.61763412488,231684.73074193188,255532.53500917,242971.68682368204
428,109008,110762.28291731178,110787.0826819046,106819.09030242031,111999.13181348456,113306.46117989549,110695.22488337616
429,195400,196125.79021525622,196220.32468224218,197163.94459654586,195742.3720348562,197032.81409095932,196466.2941285804
430,175000,187964.18703932225,186689.1289449401,174229.72301840762,184844.716205204,191668.43772614573,185513.41068466645
431,85400,92451.72527406426,92702.3055988596,99577.45657688072,94123.04100614012,89393.2101260414,93318.12879502834
432,79900,105535.06563811524,106009.30919841443,107325.95890439932,104138.25841367402,106851.38757972745,106043.47889086674
433,122500,120784.92882835494,120099.99242280303,113546.41784912339,127978.8871432375,126579.33324772835,121275.42412153243
434,181000,176624.36831775372,177409.3909051249,169149.89770487993,177915.53404440236,181451.5361456841,176513.2109450013
435,81000,84979.35036028003,83992.02142926416,90240.87110928724,83842.8245850843,86226.3144176431,85813.98959968383
436,212000,226145.96375739409,216169.22669622683,207868.699053192,208810.0491006087,222541.81610455064,217936.49292638456
437,116000,116407.34766970242,115356.68465866633,105156.44013013956,110266.29253925051,111940.90192742115,112466.71875532731
438,119000,121233.94868869064,116938.49921109433,114562.69465598855,119345.08094123387,117905.5441163857,118257.84126764344
439,90350,113943.82590436723,109775.70922509456,101690.45761511322,105055.74869482715,115149.7503216659,109961.81739369816
440,110000,136044.16503547752,137457.8966849528,135115.44417603538,131037.26685963187,128547.91711534288,134018.6387600816
441,555000,556684.7732236532,538926.1884014058,415871.14706869493,399883.55108111945,450397.0901598216,483450.9195764357
442,118000,99864.34794259896,99315.66808233706,118454.3686273493,126145.5189562489,119202.24797708496,109604.25557779027
443,162900,153788.91259199276,151347.94520172727,146689.44674726625,145116.68450829986,151198.92141137947,150432.06989791174
444,172500,198982.6514446939,199878.11487718328,196210.73394367515,199481.7480897275,194709.6307718059,197857.982703192
445,210000,214713.2843107292,213805.68108182136,213262.10195950553,220379.5269364778,213733.6350490408,214744.03547720087
446,127500,153911.02383235778,155546.77970143213,164828.05794514937,154749.3607391037,140093.2869847565,153340.77748867977
447,190000,199204.93487294356,199722.04523498387,218572.9248268726,205094.26140120355,201333.8428195727,203807.58982795305
448,199900,202544.50329199497,200110.2362457701,208506.84492300317,204071.82902916858,205026.78068286818,203792.28647574436
449,119500,122856.29305252148,124468.89226992767,120228.02531694375,137224.60515032793,121079.65693161976,123976.24930766385
450,120000,112287.09710592986,111566.29874353301,110885.89372338649,107530.64416466627,116441.79609646705,112121.51192959261
451,110000,109867.9955247517,111595.00533769002,113482.89535803472,108698.20872720987,107385.77073983398,110208.17736750186
452,280000,224798.55974251172,215410.46858620527,227123.05417552963,223781.6708766005,230613.80030226771,224323.32749829825
453,204000,204960.6403450632,203601.99824551275,182808.22616504345,206032.10771072397,211290.29467026738,201866.79188683128
454,210000,196877.36260979448,199871.93814693927,234919.55260031385,208613.2930184438,198219.618711448,205553.52005579762
455,188000,163869.088388941,164248.9086803072,158594.34767942264,135552.4791991955,150986.5265897329,156726.32023228882
456,175500,162795.20402040935,161314.58207590695,183605.7366922586,168914.6078312545,157139.44654274403,165616.5922128174
457,98000,88593.2719703243,91133.54296364868,101574.08628018899,94212.96708145832,82247.63080896533,90634.75637749664
458,256000,206139.06698110793,201588.0958041293,196774.1972427017,189489.0400651331,218884.64484406714,203895.89765978733
459,161000,149287.00573063866,148520.58745421466,173419.7543805191,151421.11678301834,146708.49952362955,152937.89531344397
460,110000,120418.96497562107,122003.88367055224,111776.16691006396,127445.65850964078,111274.28116671387,118060.33888644348
461,263435,244150.0485544054,242498.49194282058,255651.9683856562,218669.11531252472,237629.07122032784,241307.1041474848
462,155000,157649.55986780807,155356.62729843604,155541.5976625064,159257.44253504032,160751.36490691322,157611.92312493475
463,62383,119123.13060249985,119663.85125022588,128768.2946930072,126633.16515653324,118072.6424089369,121588.52461707836
464,188700,175705.5117025643,173385.66069749373,172648.104269318,180421.84379242366,194195.76160203965,178784.56544757282
465,124000,109570.32687667696,111586.35788683519,122900.24511353616,132639.42102357265,106469.12385259304,114212.87463372387
466,178740,170399.43004314264,171303.70932685898,180633.10768811556,180115.13727998408,167569.1985965469,172950.6440409741
467,167000,166340.86723955316,172536.90226845638,194630.11950506768,173655.60636181763,150579.43240994102,169843.79808054442
468,146500,156322.14945888188,155909.39185273225,156202.3226725954,155024.8589948875,151923.64889874245,155173.5145897063
469,250000,245160.51592772905,246481.99578718783,247647.23941143768,255136.99943175638,238080.9307054034,245606.56017121222
470,187000,176726.07700136048,178696.16009755674,180134.69434259227,198942.1816402556,178468.94375582234,180626.10567123088
471,212000,208178.77901477643,211587.34159568977,223062.3625595121,203656.35600081203,207115.83275000504,210695.87063048704
472,190000,206150.93838068825,199104.38040121886,199411.86456939194,193474.46519161022,192354.02755009825,199178.3053161098
473,148000,136466.32917040683,139137.59618600013,137167.6582849053,141637.26739311498,144380.820183797,139298.06024191613
474,440000,353456.5034995471,358322.84789669636,367601.4553286316,362015.7334679783,355312.9167941594,358338.1820510742
475,251000,238083.5871540925,245758.6837371073,249300.15145629446,244912.3797841072,250381.52434469675,244868.21424648413
476,132500,136304.80270606716,136244.6849744973,132131.6691279356,134570.3179027135,133830.46291190825,134829.03209523272
477,208900,216579.33241789657,213169.1089898284,200645.4256985269,196721.10030119505,221914.91445262815,211527.40329383445
478,380000,382688.6900308974,381571.0801677997,363456.977660445,341084.215984245,437788.45176741877,383925.16409740347
479,297000,297782.5793227766,296280.820681949,310263.2398612413,332692.2944377368,303123.4272304434,304783.1706331111
480,89471,124020.36072094955,120974.62969276436,117497.42779227662,114318.412141361,138498.9099215825,123724.32176888923
481,326000,360509.16066836973,360008.994424964,345046.46109362034,349995.26845712395,343411.5898426301,352862.8815485116
482,374000,347288.2245954667,346431.8775452687,319582.9952979369,335603.9938009363,397581.2084125678,349896.8829671954
483,155000,180422.27079105112,170921.98813327574,174784.9831999,192564.8855990551,199004.54181991564,182397.6440405013
484,164000,151873.60648341395,153100.18540017298,157334.27945987505,146477.7781174903,149227.89557023896,151890.5140631513
485,132500,135017.3276972725,134713.53381847803,129321.22420354684,131827.54847855805,135914.92755494275,133706.9051962733
486,147000,143883.36051514503,141170.47383723635,146475.5241342703,141881.3620150897,145465.3519642224,143870.7845020285
487,156000,150349.64938879284,149139.35915227406,145774.0799429471,143355.8688309041,147268.65887079813,147809.91255243626
488,175000,174382.2192038026,174054.70195725703,175370.52426216973,171483.78158304567,178002.6892269799,174860.64628801533
489,160000,121647.75045779352,124785.78528650303,131472.25116796512,142369.86548510025,128566.3075007926,127758.5555495501
490,86000,95496.77463102972,93877.74570968174,104230.01885087103,89069.04137633396,94057.98104306626,95585.97996918877
491,115000,118682.01990533713,116940.66244364074,111128.32624363972,123972.61423507411,119868.68357054474,117786.98032992877
492,133000,142020.90773351007,146076.92354937087,153019.5069227024,143039.0916388654,143897.36430727542,145258.50489616056
493,172785,177919.49877788965,176373.3390631558,165488.45058534632,176133.64412603978,175618.76443303894,174641.35739590685
494,155000,151616.06494705396,148673.96227569267,148202.52889380066,140407.8537558141,159849.0980512709,150609.91663163685
495,91300,104155.06500737413,103233.14484545967,97863.70380869736,99941.2354991882,95125.61359607603,100463.59366638148
496,34900,74198.6159988677,68666.90816331364,92268.7513826348,81573.08170889436,67090.5511193833,75317.51932006798
497,430000,475831.80225392594,479493.35235795844,339539.1149658706,291648.95222763147,432170.07903393224,414826.91932515503
498,184000,171454.45513028456,171418.90630045635,169004.8575253472,144382.0855497735,161363.91094441697,165493.565850953
499,130000,135260.36649678173,133406.58897433095,130972.57649501004,124508.78809222563,138510.93006958484,133413.5382288543
500,120000,125640.5249450955,128245.14837843353,120982.49323494143,122647.14064891459,130004.80187055387,125796.32046140415
501,113000,109989.44559432284,110791.80111700793,112616.32988730218,105918.7372655898,108084.43534135804,109734.81671834443
502,226700,205149.13769115505,204593.0968902738,206454.888559366,214130.58508449057,200991.40032823524,205487.1055003607
503,140000,139231.57836242355,141884.64123980128,143585.30628474083,123692.69081242003,138690.16712412878,138445.42946478812
504,289000,274704.2999380842,282099.7389692655,248562.0269633954,220408.07126860274,270069.7414367411,263269.7281551097
505,147000,138330.66297612575,140912.2097273163,138691.89237966525,144144.71986600562,139055.83532161106,139742.38413119415
506,124500,118554.91768317274,121932.3373279769,124476.44034739246,122636.98261270589,110330.54480514958,119038.94553283846
507,215000,222725.39430935978,221965.8889497456,237245.7804064561,222138.63167744747,231220.72852717605,226737.91195403645
508,208300,177458.84419436546,177741.5584981537,164970.84346430658,174293.52327963096,174191.6013111645,174172.4975834033
509,161000,156559.5753710717,156401.17110427294,158977.70998135646,149428.02287445814,168132.6658574728,158326.88985563524
510,124500,138576.95154665422,136173.84426174636,136951.1712914733,138005.35407953023,144401.20022060355,138870.3561551293
511,164900,147729.832940474,151743.05435200673,148609.6503344134,155403.65620521238,147215.15817315708,149484.63069722752
512,202665,200679.51317456816,201767.9074225017,186539.1863805663,196213.65694047237,188994.0401926604,195378.6365353106
513,129900,113923.35632359292,114184.23180343735,126835.79230260597,132765.17038372025,118120.73402286982,119213.0828044473
514,134000,142501.3735644662,142055.41138887443,146056.51026744317,148311.06220183978,142372.48078169872,143706.71880796182
515,96500,100881.51771783494,101279.33372151584,104104.84855115712,90351.6389450038,106415.32240467022,101275.7769420761
516,402861,413776.9665320016,411157.72305906983,419683.12602568965,407210.22673930076,402775.6489930146,411290.17758643714
517,158000,174813.27064567982,176680.05854814782,172401.09681508772,188669.3350101675,168107.65393568986,174980.11104021428
518,265000,253691.74208050463,253169.50187553323,270433.31362228363,287219.6381944564,262615.18373495905,262177.0511109858
519,211000,199959.8428937791,200574.5242351443,174897.3426808728,200139.0277868903,194692.54799267335,194298.14359107247
520,234000,234727.36302751175,239341.70096824385,241381.9600764992,228898.93710225797,235242.34740064814,236221.81961087594
521,106250,91478.17027084327,92236.86155481567,99514.01861626451,91275.39398357135,95772.27517456192,93861.11762513887
522,150000,156707.97017644357,154401.61542014295,149754.56396884134,150445.10171339958,157814.51677471725,154433.2682369342
523,159000,157167.40604622092,156271.76309809458,145869.585143056,151039.00229736452,160429.43972969076,154791.10854466856
525,315750,289310.0672361493,288145.59700994357,284642.7006878349,272858.0398764581,291193.8788339143,286585.576988237
526,176000,189122.30522288568,186523.14380143213,189829.6682586867,187291.90680539532,194574.12386081228,189580.73622423492
527,132000,130032.03718865976,129828.44911341087,138991.87471336985,123521.9713991075,129016.46429799203,130546.58420309934
528,446261,450326.91172837885,452583.38771741587,437304.4428430006,421384.68421918846,426378.54298143677,440007.12650458247
529,86000,92181.93573588997,92213.37408010315,90177.15704593883,103473.99178862412,86198.77083803163,91864.95609917189
530,200624,248936.19296533446,246715.57984808838,215240.0673108012,245672.493071452,272358.27000510175,246072.33580693838
531,175000,178865.9260861037,178399.04609250915,184492.25715653578,199527.79039307797,178310.55583053408,182032.39185036084
532,128000,135130.40420677842,134036.1980000039,127711.25387730406,137130.76379367703,128207.80227042039,132382.52884277207
533,107500,107309.49675514526,106572.90330361384,113566.20382828961,111482.90025412518,105006.95834012207,108286.48453609049
534,39300,56328.094970823986,56334.396610071555,50217.84014193511,64505.869398408984,49823.36419093266,54722.41281902192
535,178000,195040.51615842414,194554.26421753885,199569.27992768146,230128.0964581701,187895.798621167,198190.22980241035
536,107500,126091.04048032113,129221.14859677889,128975.97996811823,126405.26773262623,116641.52134906525,125298.54756195233
537,188000,198310.4175875126,199795.916943958,194204.45586620134,193709.80215311694,204648.58437023338,198548.94133533735
538,111250,117840.88827126966,119831.82513177294,126564.03585084373,115271.04385737912,119578.89878464259,119799.89357926551
539,158000,135097.21194113945,135723.84977475117,138877.73603935714,143912.6949768339,138602.63453106998,137633.83570817142
540,272000,230807.25701735597,232248.0578009912,251512.97968471903,257610.71780731063,228742.3411775898,237383.8198663107
541,315000,339814.4859101057,338960.30183748866,351034.8799354039,355615.7225208159,346983.1226248539,344940.96006874915
542,248000,245371.59314059553,245428.3650800058,252605.05662648563,277542.66551245115,253281.2575955941,251937.0185046792
543,213250,205734.1359943356,201419.33288625482,223720.23626051663,228711.03670918324,208895.20505726588,211280.4130698783
544,133000,137170.0033719676,140669.725562718,158041.66146628078,130374.24999939969,146743.76185726683,142472.7188561951
545,179665,212395.12213753376,210106.21600033404,206514.77477472933,188968.61346568697,212366.2302498811,207924.7552993417
546,229000,237095.98032403743,237188.3470217509,267421.17799971806,242987.1656887399,232076.34379356372,241984.3879733689
547,210000,173388.6615540622,169660.52093299435,160239.64132337473,162221.33961664347,165853.2437042877,167355.00847896156
548,129500,127255.61395496667,127110.91062097638,127951.5028158905,136214.0188595682,131253.06807959918,129192.2113574692
549,125000,111500.13934277558,113043.24569474783,123135.0972991636,121494.56026305084,118051.69995957443,116321.91762501177
550,263000,224557.1498419448,226309.80608230567,223605.13634861456,224722.68041197196,237701.37453884157,227326.16642497233
551,140000,138143.69454820192,138363.2220495716,142348.91951364063,141227.6827255115,148079.43760035528,141252.62819037057
552,112500,110694.26836239026,113168.54980235653,115392.99417651212,107589.88888933629,122305.43011297258,113887.67215325522
553,255500,263581.8956704221,263919.91874813597,261300.4017022739,275593.28607791977,278114.9256359246,267504.69986530684
554,108000,101947.01252742279,102470.07642096472,110880.7298312511,110165.06015834546,101932.20460446528,104571.5169578628
555,284000,269389.01209410187,268128.48063210363,244389.11466024394,247304.9723500785,261344.47766056078,260176.39741945727
556,113000,110798.0993389144,109444.29287614899,110370.35275955645,113726.28046822494,122506.3332388065,113043.80475703679
557,141000,136569.79872408943,135529.4680265481,149807.46345301546,144327.99278142193,141804.0302051265,140627.0783898761
558,108000,97417.71830687363,80996.93254864517,101184.03556359209,107834.2987858845,103776.15558354826,96907.1065784503
559,175000,199313.80009073566,197539.74487805524,203323.06293505357,188338.4377331807,182364.22211743405,194825.72875617733
560,234000,195900.42063214144,196826.93554617447,192304.498243194,200794.3167511445,207350.22637799283,198251.59494059562
561,121500,164128.99483293548,160921.80905402603,177235.54908057413,161031.20383315335,166086.23481610967,165772.94718426824
562,170000,160446.5732583125,163011.22889329938,163078.42655673594,159499.36899965242,156389.68894420244,160489.53183536502
563,108000,116139.15532240155,115320.11770265667,130149.99888977016,115544.31875512008,127884.80714048937,120605.79945157551
564,185000,158198.3569000575,155937.1166275191,170341.77060092957,165837.5959943729,164581.07570632978,162041.49399725543
565,268000,264719.97410820675,259785.84419032678,264731.13729153696,243748.88580925102,253256.3792927541,258826.7807453138
566,128000,125340.63949157982,123708.20547637608,120490.28541846751,128069.4092956325,135121.77580701877,126333.10179051246
567,325000,319069.90193670127,322702.070112939,296084.6812528689,314954.9086897918,319473.50546576513,315106.7792133337
568,214000,195379.03000717852,193665.8304522139,199536.25830556327,202153.86519655382,200172.6764470969,197533.48185966065
569,316600,289375.00444451434,287601.43190776405,307890.6713269414,277732.87280717184,299456.80840392364,292826.2475586272
570,135960,145194.7281635736,144744.38708020418,140519.74104510318,143421.69990622278,145729.31218595704,144145.63285233369
571,142600,150691.51715656556,151140.32328429518,158891.5440237301,132259.33074715472,145167.39335963476,148746.18316032825
572,120000,113671.35981168575,113590.72696058056,128222.28831605444,126019.29380383209,116540.89350599807,118180.39706252459
573,224500,210961.90626782025,211529.82918603753,223729.2402280141,201206.39324937924,210012.61379484145,211919.8904269406
574,170000,173098.7895687961,170602.37257781034,172860.26093568822,174172.88171030235,164446.147424531,170919.95031140913
575,139000,120897.3246234963,124142.7341321993,118220.77846518221,120962.91344432576,134527.0963265905,123672.85331412016
576,118500,116082.67439273465,115560.38595729049,115293.43220948373,118259.73047231066,111770.75535980357,115218.682385843
577,145000,142594.610393331,139359.13290420768,152498.31300535638,135902.8337757897,139159.04802403468,142146.26106911464
578,164500,160310.7876153152,159496.39629126558,155048.59556695228,151513.15506759883,161128.78525818943,158274.83817924638
579,146000,156649.3026910478,157407.81529139398,165847.76882374004,162727.35124729393,155987.51333644908,159010.12039030722
580,131500,133032.8055013514,134207.7044486127,131534.8044858291,109172.36728753793,124347.28241830565,128136.02050096312
581,181900,177077.42378285766,178222.88889420647,183104.23850376278,169265.86645542024,173433.24412249535,176677.87320751278
582,253293,351072.05684913084,349203.1236087694,367435.14777325845,347697.535134552,342945.8680643769,351525.09741147625
583,118500,105293.3438472751,111222.11320730567,130210.4794412782,127941.5135436373,106636.89484209566,113505.69787765072
584,325000,269036.033910281,263591.2476324961,333022.24846581,282988.8064892056,328179.4015335904,291480.2273336517
585,133000,130786.23496542985,130112.9023217901,125092.62683832273,117510.34513131402,123033.55942147205,126400.34072154855
586,369900,353437.8584064985,359031.6315174039,365681.21324772807,377233.9775269474,384883.18363120465,365711.00022794906
587,130000,118214.27407034814,117992.08840003956,120240.91955716883,120613.58243354196,116837.91205006502,118540.09452636962
588,137000,128300.43811391236,130158.84341250254,132123.0903388174,135079.7953132366,129640.43090248236,130424.23229216001
589,143000,238952.3728258482,249004.06760063977,199326.44641160613,176188.2380923129,239301.0485400452,224886.0635739241
590,79500,98526.55100928333,97053.30401607,102790.58738467182,104278.33353043106,88951.58595235753,97641.3300964678
591,185900,187990.2155672225,187241.37241330784,197283.0439926367,190688.34425732275,183005.53569858556,188785.58824803893
592,451950,484495.5168415877,472136.01817014226,431293.197120341,438100.3375084248,508064.0613431867,470795.11951877567
593,138000,145707.39186554137,147652.3989284977,136538.48645939294,141971.80533213308,144543.11395869902,143715.0422840266
594,140000,137285.85278857462,138345.1052290417,142142.79300693297,140447.79434016478,144274.4225366461,140123.38743680398
595,110000,114028.43560123544,114213.2976137966,120789.26056580889,121062.309150885,116894.97623064042,116662.86216652994
596,319000,336325.18708784657,340006.5822277042,335406.30025508563,306500.04876227904,362240.0092134486,338141.9493210994
597,114504,112684.38689674325,115327.45685380338,115803.29760671244,100440.55158859263,111999.7400053791,112069.6281254592
598,194201,202367.96773832143,205619.6124324543,190532.24469637524,180306.10258475872,210024.23062231508,199537.67139913898
599,217500,205929.5324942414,216575.8429500744,195402.18004793188,189314.23261078534,215051.59090262753,205766.85121391335
600,151000,145769.2101114782,145656.6324788341,157762.84585257646,150839.25955574718,146030.2345806517,148496.7435054841
601,275000,275410.5256999589,275005.5363833543,277175.51590506046,268163.233816017,280195.4572691533,275713.7654564413
602,141000,123534.95628416125,125795.67302790466,121049.24289813264,128747.9402679791,123523.82014542865,124143.00466837136
603,220000,222354.69993461648,221586.79821614316,232578.49837769652,237685.27009128308,219075.31258864363,225135.58891346143
604,151000,157157.48098722042,157711.00364935666,155065.82310874746,150133.1245839047,168119.99909868804,158149.1539721557
605,221000,220285.50906699864,220683.51018724035,231532.8491191935,213045.70816921347,216196.98238831514,220631.07814669306
606,205000,200142.1964114487,202278.40126661953,214963.08443364454,193100.39740389402,187921.24565800844,199758.90969169227
607,152000,146307.44740819448,145728.38935391887,147035.6457965619,150048.26583375558,153947.89748619538,148267.95845376037
608,225000,189836.72387229826,189393.70758591566,158622.8845969564,145504.90774415093,193770.8217409465,178671.8099476725
609,359100,330424.85317806795,330435.4058033996,295916.6263835934,260640.04563098826,303781.8026874704,309589.9866233353
610,118500,107044.38619991182,109596.79952747755,124222.96379350702,127523.54279089207,104882.65387773827,112356.10395529773
611,313000,321100.2867991442,321150.80596315046,341788.7728354501,354441.50052851136,324906.4409846788,329387.73736871564
612,148000,140991.5917424383,144669.26776381914,149071.90451885475,164067.22701476925,158282.82805870273,149187.98553208113
613,261500,265653.8047634976,263324.75876896357,285201.58072013484,253318.45668331752,271862.35499821434,268305.9687435632
614,147000,128265.65376932433,129097.95770421535,128523.04091017581,101161.97620728548,119177.46807848298,123047.97916158172
615,75500,83216.1516914713,82712.71590238571,81751.6775153789,84733.16551020778,79105.48601143583,82192.81967390701
616,137500,145693.37276472856,146468.07719376343,138509.14191109422,147119.00398985978,145882.40870790987,144732.97630120334
617,183200,185677.29267948426,185454.9323608628,181900.14624791674,185332.77716216721,199166.3056059181,187517.8899845096
618,105500,118186.74855422547,115650.72515197228,121105.04722924565,128427.98721080301,122141.54346796067,120165.93083224462
619,314813,318970.0477740037,318013.18699048925,307645.92900305695,331772.3274696992,336345.71237904066,321603.82607362565
620,305000,325663.7001321994,327351.23868086777,318106.9692004921,300116.676903506,364888.9617176154,328854.4625011857
621,67000,70096.05755787603,69520.81331684279,75068.46536251096,74701.67294425768,58640.9231285885,68889.53074362889
622,240000,258519.8775422159,265593.69137969404,232449.5070809308,216071.3462592201,241189.188332619,246124.0877457368
623,135000,130752.39789225641,131025.65695251706,131264.26640904235,136011.35143675221,126415.02422747875,130635.52607401715
624,168500,175463.54160106287,176395.76284089207,170303.7028836497,177313.11510159165,179995.85479742906,175822.89948622725
625,165150,170868.21705763508,168605.03724651923,162836.37632002254,161257.9957872239,169540.74421583043,167511.69042512795
626,160000,148259.87871335496,147079.6019500846,140659.4785264031,142181.6008856771,142966.65943840303,144835.8806763184
627,139900,118463.2854487002,118222.49351263633,136209.96141874898,139618.92344115613,121234.14081151478,124420.24757054198
628,153000,169323.900879463,169978.5005047227,163630.62442469908,158810.97769083935,164927.5315766332,166247.1461827948
629,135000,184812.8989154866,188894.62678242885,176360.25030905547,179735.24486297037,174315.0744477109,181317.07807162384
630,168500,169615.85061175155,162239.81598454,156903.9318021356,160226.35608524323,159697.48728650346,162672.14773432876
631,124000,99201.89983593389,97839.42824094808,123241.80410635672,116538.32469828535,102625.82184024151,105590.00844523108
632,209500,212188.5344394961,212257.81809921947,234196.0808424256,233900.42905455266,210093.14363551035,218112.09310346132
633,82500,173451.76950868763,175276.68113469158,194236.36462293103,179400.20564714004,170634.51680189295,177529.31536313245
634,139400,143575.8980815709,140114.38731441787,139005.49740271174,134665.791550514,146181.6954731017,141467.35677127514
635,144000,134124.06836700998,143806.37603812522,137482.07553226736,140555.4867288157,122611.52726427985,134939.762020873
636,200000,178950.0055620586,180059.55464677958,180554.97258502824,143587.66230965202,169779.2393374984,172951.1401760369
637,60000,50386.74112157987,51964.553910136114,66236.88472690691,71201.46343891275,47920.380802577834,54958.78282052972
638,93000,101529.77559510946,98711.34046002213,107260.43951220681,118677.43739716754,102933.79862410884,104175.68051109456
639,85000,96292.42414182852,95518.86245367271,100175.94571655415,99569.32100278391,92969.60817271618,96533.0776862096
640,264561,268731.087826188,270583.3308773313,271442.1984750122,303208.0197598654,282897.3978237012,276345.36203454755
641,274000,266136.62505734974,266020.69735999365,278832.8437971592,289232.4699590306,293029.43865525833,276317.43172555655
642,226000,242353.30585043118,242646.615157591,231001.99522445034,236933.1406297246,251112.5502379762,241384.36987598962
643,345000,406718.4130667086,394037.5790171562,359922.3245637006,292237.18786440836,341394.5459553896,366904.3328191813
644,152000,137662.6721776307,135306.98698336506,151380.03119323318,157780.00995707497,150395.01340527617,144389.02347353508
645,370878,343658.3801376382,345918.20164311357,304689.3484056277,370636.34569200076,338397.1420972807,338755.3583167845
646,143250,132536.79189032683,134269.28203077882,132407.55230737946,135983.52444725303,132898.3121227145,133340.7256341067
647,98300,103457.33998295134,98770.53429390017,101468.61790447342,114310.78283715346,110906.22900153784,104822.6763126556
648,155000,147208.70784777706,146749.4813955858,148144.07648940757,147978.794147611,143841.24729303303,146696.30127220455
649,155000,152322.92869057914,151862.8036700109,156067.05097057877,152512.98216183772,160519.73418026514,154531.98810626328
650,84500,79847.1479432525,77398.45961146386,80584.28496306704,83461.55748854602,75095.56330144517,78931.54198328668
651,205950,199995.66221221967,200429.77432322965,196749.9614722567,195545.2954024432,205707.17743681217,200079.61008034844
652,108000,111590.78392211851,110425.18178323882,127265.303537235,119911.44548414553,120502.75433615534,116791.86751632053
653,191000,188296.21210496768,189683.28222284495,195370.24369548593,197559.84785374938,182490.87767601077,189733.87486358813
654,135000,132427.59948032154,132063.06950004306,136693.7291292676,129189.6822694715,133228.76015321288,132877.5197815869
655,350000,350725.61275339004,345474.73052951467,342336.0578753234,327116.7573560633,358510.0685753695,346768.4564166408
656,88000,95126.76287699961,96180.5240539712,92712.76799572712,97144.1008697957,103207.8503641806,96699.86839994838
657,145500,148425.3944875534,146401.5891411786,144231.59711154422,148453.8634035866,153502.65900975114,148254.08121416063
658,149000,152872.0194039705,157202.09500936206,183782.1124363752,161393.61801255986,158207.21956068213,161048.3492380626
659,97500,126203.24314051909,127997.71830409222,144180.87840688627,135166.8272613456,127727.45184785027,131016.57687437865
660,167000,171180.21780520125,171030.45341555213,165596.87996873,137043.06650604188,158997.53034351594,163222.89616297447
661,197900,201960.8052594102,205012.93192257613,201769.38542275343,196127.11232521365,213373.76502944072,204053.0305001119
662,402000,409223.22152704507,398587.8363668078,394021.8087050157,322229.34651284694,351805.24984557444,381177.1109719666
663,110000,132867.88498136392,133983.36081817318,140325.0097947844,155571.6619053217,144179.65294967327,139230.0415902757
664,137500,130628.7202766279,134151.14900133037,136774.45346090163,129604.38867387729,135225.6794106568,133210.23022129067
665,423000,383298.0856358144,369203.66642465704,356479.58642539504,349513.84136646794,395166.8488615556,373639.05342384195
666,230500,237715.3258828122,238367.88948286977,249962.762870962,224649.20403294216,236819.37478547991,238203.58576120963
667,129000,177763.12460330286,183660.30244956593,177643.4122021594,196475.55219961258,178833.5483947821,181284.72954598733
668,193500,209807.05706151176,210088.9653840774,200901.09894003885,199093.39559168028,199194.9887234698,204788.70375788456
669,168000,165682.24745622624,159740.66104095726,173195.86682691498,145322.0209781437,160849.05011622066,162243.0558684912
670,137500,119052.47726151947,118011.01767510147,111087.40346002953,115192.97375205829,111205.96062570847,115324.7289876253
671,173500,175039.46118000048,175166.96456382415,171052.80136184744,186972.4199552669,174323.55293281496,175581.67427754292
672,103600,108591.7827964548,106198.38670137926,112602.24889360249,118093.21286618274,111322.78874906426,110465.06550229147
673,165000,173611.0849790851,167916.83397479553,167671.74466814662,169822.43926172386,169019.1355922499,170012.73199812687
674,257500,266330.0457042597,266279.9368129473,237124.47461785513,211569.2089387942,290038.97806312516,258068.53922791893
675,140000,154545.3085914383,156233.4664714506,154844.08125483242,150356.62765900046,149099.72414021345,153321.36212275305
676,148500,142591.14863437365,141784.90048262925,149979.77665090616,147767.1340779538,140128.56296665786,143844.85402166532
677,87000,87528.70032228256,91441.68223942924,107829.8907161166,113760.0268894107,82759.61645728117,93551.23388851757
678,109500,114067.57939979188,115061.04141518152,108876.96144406669,116143.00799880044,116500.99999472681,114037.55737051096
679,372500,330295.24485558877,338289.44657279644,329591.8934063138,271885.1406246522,367470.3637802559,331081.47811478254
680,128500,124305.51516029277,124849.26634303622,130637.939549485,136751.80967924572,124276.03159355355,126971.49796683574
681,143000,123686.2346625291,123727.32091270637,137273.2357874259,130722.96808558404,124786.23714940366,127101.46539111844
682,159434,110210.57125647723,108761.31549521451,127401.09961241431,123101.52865484428,112849.97192816302,114874.84796449046
683,173000,185340.8982221873,185032.2947094321,166270.62819774658,173428.82675485685,179830.28066345476,179165.67231591334
684,285000,282100.5258299316,280690.88372856233,279778.76846550684,283079.82782058255,315218.6723519012,287835.8904152612
685,221000,206045.62924767414,200377.96986405904,220862.20478423123,211553.53276232947,233226.76210286372,213357.042381115
686,207500,215494.8173675981,217567.37876248435,232692.00477552653,236879.14395505397,212616.09559745315,220817.20890207269
687,227875,224813.65329255184,226571.39503723272,203132.09082842697,207794.67880922116,223747.15836549082,218804.17063246778
688,148800,166606.6048165229,166175.42662783177,150269.33188816794,161124.20815365782,164580.29091970815,162402.44051460474
689,392000,251206.95494440873,252738.09070646449,217281.90922291047,233006.92718765853,248293.0487671712,242261.8644558244
690,194700,190458.28480897515,188159.65260313093,164962.4056999194,188305.43361699625,185309.91334581014,183881.4136706672
691,141000,147146.81288409344,147963.99185776984,147696.8177214819,150371.3431756313,150144.65188269375,148390.14315383084
693,335000,297823.22332717635,299409.54842243245,282995.0977963097,277809.32274996856,295417.8457920274,292481.13893729623
694,108480,101676.35074654754,103791.9624121289,107768.02897243612,109357.83661258355,102846.95812379646,104315.10509480555
695,141500,121893.22781962974,123792.5764845497,126370.7779107803,122254.01799659863,125115.48538025847,123755.06500333796
696,176000,164229.77884525506,166141.90118679393,166344.178546,167559.94318697543,170806.28409609,166691.69798992184
697,89000,92986.16316499346,91952.20183390894,93575.65640220625,106600.71479048626,94178.79696886151,94660.56448581448
698,123500,140070.17323250216,136046.64831950117,123134.91017186796,124148.34783207889,146493.33123133206,135315.13516581286
699,138500,138167.17885241742,138400.11689950846,137975.08317809337,110432.39750316778,139328.8919786466,134738.80896650063
700,196000,194190.6487251191,194930.28649722482,179977.24154374143,190897.45559649053,194516.05184214565,191368.5787090203
701,312500,302691.79156455986,300522.1616241983,315483.0861067679,314634.7956136021,307308.1818467585,306861.796539443
702,140000,142275.6904302508,144233.5670387994,168468.77431222465,158128.79089911384,140315.5134388887,148534.87428569942
703,361919,358479.6000824996,364081.16138905834,324881.43837694824,323122.39118956163,346083.88417705597,346457.3510189942
704,140000,130183.62907213414,130941.6782825518,159456.17611408958,155244.480937839,142201.50333378807,140527.30685320238
705,213000,208969.45043375582,207867.6236829232,208085.14004873036,212542.86965539563,219967.36370911112,211169.32793246722
706,55000,64305.124340793736,67871.34184704114,79218.88703564194,89878.60571809966,67991.80782626684,71044.46502547737
707,302000,316981.7972437272,308929.8624572625,273431.93997627444,271673.26384166325,327317.9688740336,303385.4442404485
708,254000,211668.58085949114,210619.7223801982,209707.12626031245,223578.0772504648,227314.46549662994,215548.01235997942
709,179540,189962.7590990787,192396.05454802045,182488.15916471166,174169.7006120827,202870.94341199013,189593.1761162417
710,109900,112047.41525332154,112551.86434636729,115970.55650638301,113162.4021738249,104162.65706473279,111342.34304391844
711,52000,78993.35653216795,79417.45953792498,82693.34814212074,111680.33099091671,83194.85362310214,83981.1070827429
712,102776,83721.19218663915,65832.12259208133,88672.47379188742,86555.00227807571,73091.07950708164,78774.95281775866
713,189000,197515.91889693227,200696.17141823084,203998.66700009583,202796.04814177036,198056.16834334703,200044.29998416046
714,129000,113842.31808422238,112676.4932844424,116682.47114283738,117050.27874863177,122529.23447015794,116190.7178362421
715,130500,187027.73724499997,184098.4547105291,177018.96225806043,175893.9464941195,191844.72852157845,184181.27672167885
716,165000,143460.90200121593,142777.27271683223,146559.9576891735,162006.795123141,144994.02742193616,146301.45846466787
717,159500,184621.4836311224,190977.7522569882,209566.83822647456,157751.46012833965,197175.29839932386,189080.43942295405
718,157000,151380.41842288573,152858.1201885616,158992.8351024984,158204.04167874102,151888.88008530505,153935.17806903634
719,341000,312316.50306600373,318960.59662685933,299108.97064736474,281293.908413404,315517.02542765875,307949.1332538122
720,128500,130981.72446287773,131036.21730364457,136661.41240984597,133764.62323766612,140002.86605054775,134105.34336660273
721,275000,267321.1712531949,283480.1113499141,249499.8627051389,250224.3609003468,264609.5406797815,264489.1333411485
722,143000,136138.32155634143,138013.83898814465,143867.66009740427,141340.40909413202,140452.47426702178,139363.76098262437
723,124500,119377.85035513573,119580.064826485,111767.81575592687,104314.88187964287,118138.0833450979,115873.8511459643
724,135000,137087.79015976016,136931.12634778695,117645.59369592615,117323.22659919622,139644.8285693408,131351.4129750919
725,320000,314464.71956265194,312207.6591515901,319740.0698598059,352142.57680127013,324548.44495763397,321281.6287383191
726,120500,106416.03946703393,110719.06479339696,119980.48829345578,120307.5148497678,116995.01719348301,113358.77141732333
727,222000,253279.60184375418,256897.66297529056,204618.6918011131,211562.36009157408,243606.04370162584,237351.77157778793
728,194500,193288.90480692624,193954.16798296824,196469.7557156557,203131.46771311376,203640.68432083065,197197.4536643516
729,110000,155381.38863754665,155087.34455947942,152123.15631834182,134368.14221780543,145161.44041685777,150001.6185539176
730,103000,94845.10893793008,97459.59683975333,100254.24260448414,106006.00316735283,87555.63520387748,96064.82240726525
731,236500,240477.20911325706,248203.94599661877,255210.27855294355,264464.54200236656,249145.53810461183,249172.6093503696
732,187500,196605.33250360467,191534.44236482267,186338.52603359317,199334.802047683,194286.53103598082,193562.38162427887
733,222500,228543.42732496755,228023.83845660984,250691.93012556096,230797.26748976362,222136.60749101912,231229.71447650192
734,131400,131105.50657692237,133157.29350511552,141038.18865572716,141695.45495601042,135938.00178957483,135478.6217577499
735,108000,109969.92877560291,110643.77310176547,113866.7585560934,120977.59800164751,110654.46676552847,112211.51283861922
736,163000,152608.8302019613,155721.36902799015,172185.2902111019,162020.6103975039,155068.05673011133,158225.2291064161
737,93500,84290.44920477136,82992.86168193113,85912.7736882523,91015.96189856264,88496.52851083294,85931.30526060279
738,239900,235968.39584334317,237610.37499922395,235806.86239403835,244266.51088155116,229512.6020855916,235936.08584447543
739,179000,131385.91967876718,133306.67483495083,143237.73582016607,131573.10506698643,134452.57700314312,134474.28685199984
740,190000,191487.6442349054,192725.3656550458,199148.5357911331,197541.53006026798,193097.49180652315,194140.53411572907
741,132000,103262.98134263021,105237.30324630045,127100.41144612069,119424.39354006108,102505.21589161226,109336.24742062818
742,142000,136553.1135447497,139768.0756961825,137783.23651942023,135582.33887302398,139522.89203454927,137886.22975036775
743,179000,175418.24709704155,178520.70419134846,182104.59738659824,176809.82932894214,169058.14811317998,176086.4358066581
744,175000,153399.88662761322,150786.09510839012,156224.40653884856,164185.3805028596,149190.18665769018,153773.94643760473
745,180000,204734.07162635404,201700.47523939604,206998.30039328057,200190.324724129,216638.2502042296,206296.87074379972
746,299800,324961.33329200326,322428.9059246241,294001.3176148418,295146.3370352939,300485.5358149099,310104.7178671418
747,236000,230721.90107274026,231709.730547796,228066.62183906275,231645.40680456642,240832.92553409588,232535.15957631828
748,265979,214139.69525479228,207297.01856392683,261281.5704140306,233912.12709433679,271836.1700802921,233751.89127779266
749,260400,238221.61276574506,233120.96745224576,227368.18636689644,241578.05557744438,246650.9067945048,237249.5529707871
750,98000,84626.34032337593,83761.77847396379,91289.1320638991,103615.39395207199,85978.41071584048,87996.43690071313
751,96500,85075.0720433578,84512.6907096513,91985.33201610127,87043.00387700456,81263.2061531804,85613.30973542153
752,162000,160162.19099279336,159845.14146988068,168880.85816926038,177000.56898725004,160490.65076000194,163651.23009503767
753,217000,204639.93184009142,203806.65134558093,192345.7318813017,192016.57635896918,203828.37554015437,200506.8532505011
754,275500,268571.78261559614,272245.7335426481,280338.39311971306,265802.82748705195,273509.2745812106,272041.2481104232
755,156000,162727.78695150153,161459.77953315247,142918.04582905874,143064.7994430722,160009.5505955557,155761.5210050425
756,172500,160397.21941831338,159354.15643737646,155456.94886367416,169670.6767028122,164569.93208700966,161192.3655544019
757,212000,211079.4810849781,212481.24232016434,228374.8055414681,210142.2721801805,200717.29148406672,212115.87317546053
758,158900,141349.8983398057,146047.17878861408,152055.91475208435,168831.7612355374,144382.33481731187,147892.17511897063
759,179400,170708.46467209043,168924.34492798342,174679.974834787,170123.43137162644,162298.407826113,169267.3815307861
760,290000,291174.07833337394,291317.2737889811,307986.3265080538,294880.2973639502,289253.38304996456,294217.09234171873
761,127500,119248.8421940694,120416.58916628205,122563.28508038002,107200.77227166627,119032.30234661532,118504.57186396328
762,100000,111562.57950184496,110855.85792723608,130313.10395464308,125158.71422315983,105955.77173928867,114980.8235733633
763,215200,197602.12167531764,194171.98770682534,198387.55811586013,192395.42183432076,194887.23186456453,195878.80217245824
764,337000,320458.1004521542,318755.14917638194,344126.83962928766,321351.59608463355,314149.99121720344,323070.43964004115
765,270000,254445.03211077044,252205.09308860698,249823.39199423848,251242.86877595857,261213.4111018539,254105.03175182076
766,264132,254232.46457629238,251968.59935843365,271426.45801323565,264125.40492726926,257677.72643202674,258659.58509944475
767,196500,179827.65269906708,183541.64616176917,190774.66342266308,180657.41728538868,187962.29074558162,184219.00596509187
768,160000,167880.19404828871,171381.1289070174,168537.6591050057,156406.52169145463,168716.85228899927,167432.65643450114
769,216837,230470.7955482239,228706.9686313731,237336.93886582748,230160.9302749181,227669.8366911989,230733.84445668568
770,538000,568884.1199945433,565524.2683342027,434875.41624994436,371231.51533826743,495603.25785785104,500365.4198635583
771,134900,131321.69903220166,131696.16855740245,131294.2909961134,136780.6417479917,130348.56502744398,131839.04097218756
772,102000,112442.06767990506,114965.36162712671,123543.93046261134,110687.85592456655,110828.09296983658,114325.17511722533
773,107000,129135.40523312522,130973.85526798495,145256.03717204425,141422.2784446364,137415.19768165125,135395.3570725729
774,114500,110459.69058173314,111897.55826918053,125288.95697674752,116964.735136288,108091.23872350848,113572.78308094098
775,395000,289785.7023103414,289623.2449747273,301716.0456474479,260217.33382176518,338532.06662420987,297219.83997540636
776,162000,160312.3158674025,160947.78160440308,157937.13457929305,151253.1789171985,158562.0318768354,158547.213454536
777,221500,233223.42352211932,234386.59431344707,225012.15512184464,225755.7949031707,236698.35038326017,231734.66012585897
778,142500,132435.050476923,133808.91190441043,143938.26011969746,142416.92896198377,138748.24414418635,137164.74799640878
779,144000,136322.17246341656,138367.35124832884,142043.50182594798,145424.41671178062,135278.8222812085,138603.74506070506
780,135000,144883.54938229363,145564.49108551905,146473.18334886004,147208.0198322626,142418.51694187566,145083.60639455076
781,176000,171827.87796754274,169701.91487566466,184152.5328928755,171096.65502651603,164466.06591639196,171949.7966975695
782,175900,171728.43749092895,172309.16654445187,170583.69277637376,185886.6072018791,173823.86143803128,173697.9710705086
783,187100,186611.10826840202,184504.1592983728,208732.68820945016,195346.44193019063,194736.5577600486,192661.4942567109
784,165500,157788.53623145653,161087.7241494384,156851.75565801555,159550.28247160176,160766.84949822078,159078.03662039372
785,128000,121971.62627334765,123437.898781864,138292.1204873577,139496.49653514256,125962.77171646533,127910.71587930467
786,161500,161523.9729443819,160659.28917184588,157100.36174567952,167645.60254671902,159589.5428391127,160876.31302241565
787,139000,121172.2428731764,123646.59259649387,125966.31978100372,125697.58834946396,124909.46956434849,123805.9396432294
788,233000,226576.6554513477,225506.123285189,224253.72710025244,217093.8353454938,218217.8852066685,223102.85333472825
789,107900,107055.83963219122,106283.82289200068,104583.71018672152,107414.03391749041,105216.06538379949,106126.49101045453
790,187500,223239.71733356436,226886.76431144567,189190.21693714798,189873.08758050945,210451.49470440013,210708.01277198023
791,160200,164161.0567700531,163627.68186468192,175626.0270953641,172524.19751617892,175586.2755311574,169316.1995641259
792,146800,152482.72732539504,148312.33164151176,148485.359200152,158824.20970967313,153442.64981870714,151846.19892831056
793,269790,253104.23260012467,251794.66783387974,241570.38248751202,230997.44313608672,256475.9125662887,248650.40461166378
794,225000,221061.16810163655,221483.72255178724,223889.94866692627,227504.7964623113,229226.04671346597,224037.12373346987
795,194500,194754.71099088085,196949.66632017455,201789.2061613292,201178.71077355818,186538.14859611233,195516.06360499945
796,171000,162152.8450023646,163435.9923743781,160416.90954845503,167536.07755879225,176105.14046780294,165439.55306474233
797,143500,140567.01689184876,141536.25602015312,137862.8450462261,147186.34744850086,141723.45256116972,141277.01829090816
798,110000,96649.12383182521,94416.12620157377,112941.4904630243,118720.10157491465,95358.23097691077,101133.91245904288
799,485000,481376.7803556971,476791.8912133822,402418.0553979125,399786.9634122668,486288.1650787527,455880.9396848574
800,175000,155686.11612269765,153382.21583502393,146912.63088464056,151973.8844084616,150799.8832192869,152192.44308801575
801,200000,196414.1997207872,193395.28085093372,188885.1306496998,198272.97858729417,195398.6447096935,194452.07021483427
802,109900,114713.4384692515,116680.86775560415,120500.2222682228,114245.39664679776,113489.11891283737,115822.65681596842
803,189000,193809.389217677,193751.03671114342,183796.77404857604,178072.92710489468,189178.87622670262,189098.6145959973
804,582933,478391.5344526782,473590.94475069694,438845.3697929404,454458.9528856319,453621.48458824324,462242.50778296124
805,118000,104876.81997261042,106528.50476426788,121855.66799985911,125622.25193085545,111663.25389308094,111845.70344410438
806,227680,215409.04074545298,215195.99358223498,214655.13618192734,210168.4986077208,210702.52322310826,213649.31639685345
807,135500,132408.05397132525,129152.59684625456,126454.2355858656,136481.1118559908,143571.25903709,133280.05673663632
808,223500,210817.02834148658,208726.37210370047,190983.10274873246,174173.4455321014,235537.77147440048,206536.2157333947
809,159950,138800.90876863152,139338.28255034034,149957.6563545072,150889.35645604314,146063.10511167493,143731.93749547034
810,106000,126668.13953868987,123773.5085802811,128091.74982797087,105080.68756270013,115206.31961355885,121215.33984153953
811,181000,186584.02906674848,187356.62687200992,156306.46782919613,172530.494179071,190909.35472814346,180011.95770125807
812,144500,154896.78682742346,153431.01985599508,145985.78856352236,143796.757977347,149275.7213293733,150487.00175808344
813,55993,83335.29176450091,79918.88135382038,106641.76425891464,81383.64449652693,78483.06296832464,85118.73452696054
814,157900,159348.22595250356,161534.7310315202,156658.66043217666,149812.97108876836,167509.2815382167,159706.59578423106
815,116000,122210.32631354195,118535.50104686857,109837.54509371624,116636.996272363,122409.63444601242,118527.92692609326
816,224900,201985.5763252484,201700.5710571183,201329.72982073243,201017.20764511504,202596.0101865238,201815.78095407085
817,137000,131341.43318255362,132658.33680384743,136437.8697057808,132243.63233710063,130481.14796950434,132443.37792800422
818,271000,262317.8147891118,267497.2410425215,281714.51353699964,291595.75777852774,256623.20129980118,268974.30026999814
819,155000,150865.90068124983,149249.21363056,140625.54936784998,151680.62683183595,157902.887710917,150106.99442254048
820,224000,221822.70771655857,220747.8038950619,203642.9270514046,205627.18125785748,229940.6947513695,217806.2766971791
821,183000,185234.3562346524,187007.34775842278,191387.4958366527,191319.47085044827,176511.202079374,185608.6419208403
822,93000,89095.61135518507,85685.531275699,90561.47674538291,85128.52261552552,84802.82219850944,87313.07751964444
823,225000,194371.38441588206,195697.25121590152,207430.52769604514,193522.76659099423,204444.92927943933,198823.10035911895
824,139500,137985.96896742273,139614.46621278205,141279.05533108467,130584.88345618402,133985.36965909728,137173.17427633915
825,232600,234348.94778491772,236605.7896892947,237474.70310395004,236159.8242597791,228561.56907339726,234401.541517196
826,385000,443485.2248061052,433868.2208245519,410114.7520419033,402187.9418425161,422599.524300199,426162.8342622317
827,109500,98861.13701935411,98137.19524300769,98408.01681268739,103544.59354406092,98103.89416637557,99031.28999719412
828,189000,195766.04682197,193401.53007152633,195986.3279152505,191633.56651361537,193839.7626152562,194445.99207846465
829,185000,197381.00783842884,193131.08567367645,164831.53799310836,159250.35083907115,195220.76374575341,185005.2952475198
830,147400,154519.47157674373,153415.08042806,155744.4342462509,154585.38808077178,152896.47659996152,154199.34875052757
831,166000,172754.51707748836,171253.93875978727,163923.95226456452,160965.0420379075,170745.8609190963,168993.6546767198
832,151000,156468.7233481013,157455.66279171026,155176.45389985913,156121.79945545443,159300.1738423581,156952.21266007755
833,237000,234756.12226756854,234201.06585539842,218969.65320388306,223457.0316517083,231231.97482208753,229659.71444329532
834,167000,162532.12652249364,165581.45744117728,164998.1813258891,155111.96159812697,154078.62018262708,160937.13503093002
835,139950,134522.8862257836,136147.560069765,144437.16052242654,140196.21862397157,137036.46100254793,137771.25640567084
836,128000,128371.18740428917,126052.15762218823,139886.61606075615,133607.5285868918,136009.19362730204,132039.35710834872
837,153500,146769.64020437578,147716.19503509105,145996.6440777041,132460.37478131114,141758.19267369405,144018.4595574114
838,100000,101901.07917825926,103023.93384218978,97759.67424398217,96275.03659163801,89114.18727593997,98012.40243526736
839,144000,148572.10748011424,148301.02357800017,141032.2851211449,137416.89587859358,147207.5769698422,145491.69472941913
840,130500,126525.07015552637,125244.11619606227,124468.16629739315,122876.0628866102,126264.89603667396,125402.88696974238
841,140000,130723.19966650283,132394.33397196906,124525.6833409278,123440.24525552402,150644.49938886412,132736.92880539628
842,157500,151104.5551892144,146951.18396589477,147216.86702865947,150547.70198198466,157115.02112955155,150665.80136299453
843,174900,166334.7292818928,162346.43540679428,146395.96234042314,147066.74551339168,166554.47012591822,159437.9386110959
844,141000,113851.75880988946,117310.19967636396,120820.73277452745,124683.18330263885,129120.7218237969,120019.18700886038
845,153900,139571.80467845825,142438.19632482727,138190.43879073346,146519.1053438564,150372.64017440312,142820.88438126253
846,171000,176752.29675897278,177476.25619409938,188585.95209363886,190493.65010581294,168650.57373516352,178900.88113290427
847,213000,209110.46437286743,210229.0757870523,204774.5513923966,199218.4120272469,208288.0728278297,207173.10766076716
848,133500,130630.86383239369,131529.06074662047,136418.81242838936,129130.24348346931,137294.16054243874,132968.6383646165
849,240000,238035.512304162,228412.52542944776,206679.46256307696,190743.25020831285,238452.90613039015,224194.2444406471
850,187000,180875.63647458228,179674.68004715975,178850.34381643,195145.4227306458,177642.48913249507,181264.15599741088
851,131500,136762.60008382326,137301.57368772902,139811.08657862686,139606.25761704732,139082.7587589308,138218.45791174495
852,215000,200570.66986253866,202189.71452618204,208171.4773204425,219206.11376959702,191361.59602890263,202498.18629895605
853,164000,167831.16446865434,167222.47712979934,181729.5962218312,157753.03669725658,162377.98464762612,167756.7836832234
854,158000,173962.51943440203,171944.87412999163,175655.69130758825,174782.7798854213,167696.2936490598,172686.45899108407
855,170000,187502.7744585048,185602.5849634155,170663.3334622915,160757.1708870245,196970.43914485074,182400.07484452767
856,127000,153065.57618051593,149540.64297407964,137640.3987057819,135079.58685146857,150699.24636374653,146785.230873144
857,147000,154381.39828139616,153041.1016392835,141653.76527102123,144776.84113464292,155085.3602845285,150715.95297023
858,174000,154474.5753424826,156458.66659360653,163185.81216658067,171149.6897833624,151643.69639774688,157757.4464045684
859,152000,142297.96445565205,145098.2602415367,175737.20347362448,144858.08968668507,145917.05501114618,149452.0460702468
860,250000,251948.7116201941,255918.31195816823,200936.3969039988,234597.94537547417,231572.04743100342,236559.61431518043
861,189950,169254.24740054755,170520.14504510522,162744.51643615245,165145.37287549034,169823.44790182405,167931.30288393694
862,131500,133550.34856146097,131890.8144899861,134517.77701539046,139468.4675266478,134047.35698290775,134185.4835257524
863,152000,145654.68131560963,145763.29635877933,146602.77709151476,162780.93774316952,149067.30753953065,148491.45907602966
864,132500,141003.76667079394,143462.6173512895,142513.27510610846,136597.77858072158,137388.2039718207,140492.79356713305
865,250580,200790.45983102202,201004.26902509472,195342.1372782279,193479.30298396587,196276.25714872996,198050.95565296977
866,148500,138065.18152680717,137856.13392345037,131641.24776234984,136594.46868545498,143032.39263498204,137638.4847937356
867,248900,251222.32032779098,253038.00180825204,258341.06541032324,243281.55787590603,278937.29741520394,257207.6366375962
868,129000,127311.19005379033,125403.2474005628,128425.69017598552,136752.13732308245,142405.07121490568,131128.24931218394
869,169000,151767.41297032876,155237.69545779232,158315.76550498192,172792.0206716461,151378.69577139133,155949.1969207011
870,236000,228413.72861151726,228298.6846087924,231886.74212477906,227286.9843316347,226716.70964855712,228534.9688616542
871,109500,99575.56685118638,99357.47289113846,102818.93193935286,104371.62766061416,101496.85361630812,101060.05046309832
872,200500,178831.85368282927,179254.19326830466,173495.60336541032,193083.55036379545,174233.30317760483,178654.8957525971
873,116000,118001.623783714,117219.5612151998,119730.46589244297,130267.01154015856,114652.91807339858,118877.70529650952
874,133000,125399.1431698418,126837.15961058735,132323.12237656608,142226.76889815534,129683.33959080823,129707.98315566148
875,66500,96411.73235713635,96767.42812310251,102274.4087035149,109585.80825128173,98435.84443807574,99436.08967776911
876,303477,330486.2524426976,332993.2925622073,304502.7678992273,293863.4424257313,323650.8584298614,320237.62934882584
877,132250,139321.93012573165,136097.52653173488,140422.98958110638,125088.2002128851,138810.05208953255,136982.44591256947
878,350000,359524.2953858587,359490.49863767286,353618.2332875116,359725.21989328496,344864.84281178267,355499.0827553883
879,148000,146185.49913627404,147690.23312393835,155392.03882450686,138213.48587953913,144605.7105049941,146791.8561734691
880,136500,139334.07520637743,140792.22899381258,128057.39172487042,132304.18105073055,141272.60507340293,137045.94734321977
881,157000,154419.28383474596,152330.85581751805,152359.10872874997,149887.94148693257,156756.86879124123,153540.04815485454
882,187500,203214.82268341765,204627.24534714333,222612.78567596595,213588.84763544402,201475.21021824674,207745.7169244774
883,178000,170784.9059728306,169175.8689714186,171105.1811813399,175719.2303246622,180549.96088753434,173016.5680328654
884,118500,129708.5064443949,133148.494394299,121110.32404781236,135037.38648244343,131522.46748580853,129773.15823979268
885,100000,109067.15829629416,110120.47569936159,123607.9554169961,118763.0038325877,108215.2176893331,112737.80750701248
886,328900,256862.1504409715,258894.08291213098,266307.3025820929,297923.81169086025,258660.8432510713,263962.46674170264
887,145000,162118.38051067464,161831.6465663399,173528.63598385447,151813.0114170077,154430.80067345884,161195.54746648725
888,135500,146020.57178077826,146248.15498255656,132938.5212591923,119224.07404034396,146040.26209403764,140170.83095636094
889,268000,302232.75110707514,307135.096434463,276228.96225210157,288944.63316956186,260297.28732791476,287997.3502301969
890,149500,161940.05558552075,162069.97774121928,172705.3887745501,151688.30734345032,155680.47312966787,161295.75692969037
891,122900,114713.0178556344,116453.92248028508,116322.4673726588,120991.37796265337,123220.49845537756,117760.92524672658
892,172500,167499.3039911302,169679.61287441792,170899.83779293904,175751.8302079992,161242.9990642129,168231.56657789735
893,154500,150595.272961492,149562.78996793184,141905.16656587852,139477.1235825622,147524.7762851362,146818.62180424517
894,165000,147760.45731852972,147734.9063041392,155519.50953042554,148301.07292823304,150197.7847909634,149677.11078587777
895,118858,118192.5756273823,119570.71714615148,134873.1420255358,137312.7099031854,115069.17335295923,122858.64080919571
896,140000,162833.84934989028,162589.71844710872,162763.822294682,163961.88430481267,158176.59406478802,161964.5741103142
897,106500,86208.86314882316,89734.85585238461,94560.7822381135,85642.15014776259,95700.23777165232,90155.22781757548
898,142953,136163.0154985218,136996.15630797035,131920.83487062505,133322.2661446671,133934.395393538,134766.6963188603
899,611657,499917.32639701455,492044.86601819063,451887.48115345126,474537.4465727284,525588.3814421848,491198.98923443723
900,135000,130634.6454418004,130858.57000539888,136872.27199175092,136695.9586352405,129682.1028304665,132306.57334649708
901,110000,111045.29505942944,111402.09654685954,117835.72147833747,120956.28989227979,120652.93510593113,115366.99249207844
902,153000,148442.7915818124,149516.12041660384,136426.85739289084,135341.64612241753,143523.89212548753,143828.16276250352
903,180000,180924.06615007622,182088.20914713654,190193.0302148908,178170.9060428832,188757.89357922296,184010.13084812692
904,240000,240481.25151062972,240004.09260931663,241526.5856110713,231486.89366986457,257437.25769593692,242761.17782543896
905,125500,119949.1919743737,118627.49469985068,122480.42036633482,121715.62081340834,122528.18278923289,120858.45191976149
906,128000,122784.79606340642,124244.50950112996,126581.13980444329,132408.4784138732,123516.39881412325,125025.92031231312
907,255000,260814.09846522156,253383.66584920994,256164.14537463477,260952.03337710598,295006.2386240311,264936.5450393489
908,250000,228857.70420859862,238806.05795727967,212675.79735864286,215506.040845311,218823.69960988543,224131.0307043382
909,131000,123357.60287184957,125549.96646074436,134839.93750131724,133255.12732124675,119659.4383314295,126192.02250064004
910,174000,183450.01268129214,181807.2490954825,176253.04601889645,176439.30616491573,186409.03964271024,181537.7681428605
911,154300,160646.16290485038,159811.73237740103,160781.2224012379,148147.23290776106,155104.88456138852,157838.70857130102
912,143500,154284.7113553863,152014.9256848304,136292.55782049004,138830.21786841066,149264.9022569443,147560.02629116538
913,88000,101998.50602555623,100617.99510754771,104647.44451601688,100887.6942733193,102558.80102741257,102169.10735264023
914,145000,165663.90329501918,172400.41739545824,144762.0665906791,133727.3144681897,150594.79889588087,155848.3857862518
915,173733,174622.52411195487,174111.7657464013,151675.99303280938,164562.49503840186,169956.30475863867,168030.41422542412
916,75000,86778.39906095441,84608.0709878353,87711.95754545201,90107.17384538868,90131.97913177709,87559.51362946517
917,35311,61488.59243454465,54768.86576633755,71389.83300330005,74979.0817664321,64607.93409036614,63833.65050165776
918,135000,134265.87854813976,132419.61487368948,140378.64730080732,133688.64792852773,141112.23391810214,136250.66457806923
919,238000,267461.547802273,261710.08783410914,262141.73955189314,273869.64205260907,264171.5676339061,265437.0198364243
920,176500,192045.05306199394,187946.0602618555,175023.3623778934,176352.17238951832,190266.65255087274,185790.32807415613
921,201000,187233.94405742173,186925.99804353362,185186.68463490368,192489.94799520707,182004.2218340929,186364.99109325284
922,145900,163161.6098478778,162893.19316638223,165402.44263609019,140206.82610349075,163816.58926553314,160689.46534003608
923,169990,181944.937272596,179777.90457517345,165573.7039121357,177803.54618820845,177461.47781534263,177076.68022384815
924,193000,185974.41970992484,188452.84611006005,184165.60533869974,195402.887846439,183761.40514348104,186799.8902216937
925,207500,204651.25451714982,205808.1475886851,184531.6230292711,177639.04101282428,204523.3241882873,197689.11758456624
926,175000,143653.7781025108,145017.9642741769,154495.56925313635,153153.54016736723,148376.86385127946,147901.59082948382
927,285000,294683.1638388813,297080.1118515872,302468.44757650077,313548.52305682265,293227.6396777412,298470.4079739858
928,176000,183057.95766659148,181132.1812726058,188950.1977140884,191810.3511358807,184555.77057277644,185049.70684824992
929,236500,238848.7543289686,241670.44711150738,243239.6165798932,246456.03376657516,253277.6343897513,243947.22510506766
930,222000,213256.37824737414,213990.42994910904,229296.7739755614,214952.17300062193,210158.4716028986,215780.16009437933
931,201000,213140.96054022625,211125.81208252624,221904.85761585904,238028.50085233452,223738.19646435042,219261.24271094787
932,117500,120812.58642674549,122529.55507290912,120730.26761027543,120173.73073757906,120431.8687293218,120985.73458332098
933,320000,296184.84405336354,296714.6928000442,300334.9582321875,343545.4180736261,303413.8045336465,303830.16356317804
934,190000,195444.9986190906,195193.9742738214,205614.1683858533,204251.5535699911,187323.257171303,196556.9398157216
935,242000,264347.49189892947,253247.76878435473,223484.2977810018,245186.17756865776,237853.98631560756,246733.2926784179
936,79900,104626.94075999291,103226.68652576428,92514.23694244659,108458.02351603161,97016.52799482789,100964.69839798655
937,184900,182228.23416461592,181742.7448088729,195064.04921870964,191565.86120901108,179774.20875207882,184982.9372860666
938,253000,231589.58368843773,226372.41857243615,240772.51151300172,236925.61519493078,227758.44045035867,232016.0292135164
939,239799,258169.42436023153,256665.1486879691,265368.9358111988,238308.30383646174,254109.91477939684,255857.91775705956
940,244400,220521.0441904269,221088.03159758903,197614.70814527193,185851.91872447034,221896.9261635429,212190.45007149444
941,150900,173084.38482051992,175653.44191330744,189414.4989693143,155378.76508490933,170091.21209161982,173558.72768996237
942,214000,214132.69344972377,214348.55612443844,223740.91004431815,228472.4652750273,204473.20258486777,215561.16579574574
943,150000,118721.53030289098,118305.54600262221,133286.05833452567,126295.67679476092,139919.97586340454,126114.1123404309
944,143000,138507.29760241864,141165.58148087148,135401.1933938231,137050.42248902185,137920.4056535169,138175.47318810146
945,137500,154086.86083653022,155115.71375899465,150366.60766714104,158267.8918250804,158896.72648966624,155059.44399002753
946,124900,144484.61349198356,148028.96157828573,163191.22233789155,133117.6252697632,137923.8255305742,145591.9537270571
947,143000,136939.8331942994,136618.727477532,143945.37069920753,144053.03497249153,144107.48279076157,140377.197843127
948,270000,266752.85738919966,266772.688671434,277394.2296536847,273306.8131047103,330078.38676273084,281151.2448936719
949,192500,205998.12337662943,204684.84134614412,210019.39264278853,206752.4076952455,197439.4861562159,204797.0416974791
950,197500,179766.32217898295,180136.7101751629,170619.62869164068,167410.69445186816,171490.50470171266,174984.73514733568
951,129000,139266.84505447597,138208.6659168261,130650.87429332812,131095.47016546546,143242.4775616553,137241.82440730825
952,119900,110659.79056565504,107053.40322410846,119023.56679707146,119461.76163096215,114240.12961938743,113125.93767132876
953,133900,129227.50996096623,128216.30656441019,123387.51784184086,126191.90630953209,130909.79096306098,127921.09637553515
954,172000,158643.6463425218,161360.77799202735,151132.6456947878,175216.36794816947,162920.73317299804,160544.3870529964
955,127500,122536.17294126718,128280.07571418182,124902.60360235292,126643.7684550405,134456.93672121115,126917.2656889774
956,145000,162228.0367331158,164622.9777122638,162283.91874582184,150109.81553281582,153830.7820027311,159500.92051006222
957,124000,129440.30885915441,128331.40024967553,126848.3417728986,129019.53989589718,131321.30544167286,129069.73216795865
958,132000,123324.28787996712,124637.59551815897,132924.31681694943,130447.47746561197,128517.39488310277,127156.2941460102
959,185000,195646.16002137383,194354.62407180085,198657.24609250578,196553.13809548784,206216.6947094795,198107.77970496906
960,155000,171290.12472352036,173601.63936616463,169551.55056501605,171848.53786286287,168108.93650782746,170860.01540714226
961,116500,118377.11303975867,119616.76153917176,125230.39114761305,104190.75131724909,119835.76489954455,118299.6009609702
962,272000,282945.7110192125,283770.59606075566,238040.65698644146,226348.97035850224,264444.3015529112,263597.86582917074
963,155000,163877.27435884642,161995.855006957,161449.2484968177,162549.85238049435,160791.0759100967,162283.23742313727
964,239000,279988.2355606802,282843.792545793,277381.1666899445,257148.18184330026,277969.08627876744,276838.46700925933
965,214900,220212.4796080898,217354.04026693467,215512.23681043574,220570.6881222982,225841.6514852046,219936.65420106475
966,178900,175219.45373431774,172741.39012095795,171169.01066278378,171858.83038956355,173745.30312218383,173290.09542668212
967,160000,151362.00285188475,153370.67695596174,136944.24324888663,151296.50284935546,150848.93208513554,148942.7349280829
968,135000,133354.09327943999,132690.90532500987,134826.3901821309,137309.77955909268,138551.75352282546,134982.10672835069
969,37900,70064.26062560482,71948.34157223928,75455.47071569547,83487.34541089603,71099.26833042572,73114.74435439333
970,140000,132623.23390115763,130094.35679921457,119762.1283851174,129664.31076412032,118652.62051414956,126511.21078658981
971,135000,77096.83627114947,79854.72964105988,79415.45374543346,97772.09292594974,86464.62477797536,82176.47272008342
972,173000,175058.45920327184,175945.35897187854,187377.3735902615,163264.7805509794,175165.63569968689,175936.70935058565
973,99500,120135.37124510856,119624.17666653036,130445.2788387777,129105.76598139889,118846.27669368217,122617.58599779039
974,182000,208304.96911695617,210105.4154823897,193154.06972998357,199951.2236133648,214177.4324409771,205980.2896877422
975,167500,165819.15256508716,170968.2712247007,203770.8740462746,144369.42502805212,170263.7314893752,171190.85430033613
976,165000,175605.13360219848,178028.8089297788,168842.65006273714,159582.8163191927,182658.55307726917,174217.72896409043
977,85500,97820.24891458343,96527.75485272195,88226.595025137,90438.9012071822,88742.72117033985,93037.10108195877
978,199900,198963.10986102142,198486.13216947438,196179.8976754859,183761.96316604284,206453.02411246192,197938.6200074673
979,110000,97924.96873002088,98053.16920859744,111831.83053464038,106051.95823338685,101419.93004315667,101997.38729085996
980,139000,137100.90352707874,137086.0193788847,141419.7247470785,136527.4873636147,133922.51696086713,137151.2148273698
981,178400,201044.71591413236,194757.3296530742,175625.02422222096,163601.19223009216,201066.16993510927,190210.4161957779
982,336000,315691.24490962713,315961.0388094808,322852.5661091093,321469.75283812993,305662.3117256,315668.62929571595
983,159895,180044.18889883332,178622.81904670928,181200.66694158874,178611.60977853005,179014.5934349543,179587.7595592048
984,255900,248768.12777707897,250968.79946937613,274081.24160130497,266028.9751298881,244806.14424053903,254821.80134794812
985,126000,130071.83046454813,130920.63269754182,143074.00129116813,138241.0427722702,122878.071678388,131955.91016697462
986,125000,125040.88760794599,124204.97453966292,128958.44926068578,116544.58544479687,115227.7463068672,122494.00814632233
987,117000,130535.2852329529,133185.40323540661,133812.2094642092,121439.98681162209,127148.45887165274,129826.86296977253
988,395192,390459.6993035584,386705.13844091917,363141.5972770453,387995.11014569725,390925.5863179655,384450.5646233936
989,195000,180886.81334301058,184169.56006093384,176125.71069252893,193474.53468746497,194249.47716415636,184748.35051918915
990,197000,193720.43191900768,194676.45081901574,191596.24026633953,199015.8066263762,185631.12630110636,192504.83349565265
991,348000,307691.46892945253,305402.1537233415,318080.9732424208,310055.16506225243,305093.82668403734,308834.06706537463
992,168000,165954.64004950074,169208.1650180946,208187.16481688828,199933.16301732624,189878.91938970433,182307.41567582448
993,187000,209971.14541615781,212049.84770590518,180735.9779625662,191438.8904245456,201064.06066761859,200777.02854058065
994,173900,176935.9263477127,177175.99347721966,165026.88193172557,184481.53115534128,171294.52386557372,174521.39351000058
995,337500,355449.73259071994,360642.1267072224,346409.44637757563,352026.64531805116,361064.9372117627,355533.9085352874
996,121600,118152.8221679812,115017.42714898555,107298.56501542017,112524.41245664557,121355.02272418157,115439.391527611
997,136500,134145.34838702707,137133.0097937891,133756.76236348017,132896.0218755537,127155.37083239263,133084.1398550822
998,185000,151759.39373793473,156069.79948744053,163925.05817578177,167075.07239724635,150157.10993402387,156208.6909463266
999,91000,79331.66533090982,82759.88515226913,89342.68198247177,103987.53620548644,73647.55929773774,83187.4894349912
1000,206000,191761.84789485382,190615.29306416743,190638.6740784755,193408.8394662424,184836.89171573374,190122.30961829526
1001,82000,77478.80279437552,74667.42594429295,88394.91782549402,83584.62882944431,70961.21288876752,78090.35753916789
1002,86000,96471.2660012997,96224.20218695389,86592.81049898449,101382.59128537595,96498.95132260142,95135.61235096061
1003,232000,234360.02555489936,226593.18930519526,244769.34695296572,244002.17745790433,230647.45226336416,234999.8981328668
1004,136905,147040.82733015178,148066.84887664733,151223.4846947515,138476.5775416581,145000.6649194709,146518.8730942212
1005,181000,191321.9901334216,190492.7725330925,198776.56886728478,192177.90242858586,193573.7455387328,193029.9092357716
1006,149900,144315.09556167718,143444.77501086312,131169.9195928405,151658.96641372176,153783.8434310993,144353.38022036653
1007,163500,168104.3068091009,169280.0288269638,163036.6979569144,177269.06344362439,166917.01859867154,168245.02931085083
1008,88000,94917.99158299991,93279.18428361752,86486.23918978979,83724.90659381433,97920.87438464402,92199.7187361867
1009,240000,238109.11543883735,233815.15121794396,230212.06371702673,228450.55435271165,245199.14965531454,236020.24071840823
1010,102000,114354.47311071178,112407.78475837286,119191.41870458203,114044.07026174782,106930.39111449546,113247.4108040709
1011,135000,128412.70457775799,126376.82809692099,129232.61631602929,131364.62430819162,132721.24394626412,129350.57786756782
1012,100000,98571.45606586005,99032.49279725425,112784.09130424005,120776.25999206291,108603.3361899945,105606.8136221353
1013,165000,157412.2481112202,158600.8587965943,154418.08824554307,152438.17088026297,159781.27444877202,156969.31324024298
1014,85000,90303.39397198663,88207.10216472775,100798.77827603128,99834.32975791817,92420.19321732776,93218.22956034925
1015,119200,114620.48898392792,115443.16907319032,132139.8124915536,124625.94731336893,110304.87402403718,118040.31316133028
1016,227000,211206.66957698966,212394.71763845568,227564.72407540982,214323.42081063046,212489.60634050806,214939.29257979558
1017,203000,219753.1408075754,218598.07138592924,221589.28354757928,223722.24577477784,233685.6273863201,223048.89165060187
1018,187500,185807.32436442905,192976.62977456595,204107.03965005765,220065.14368474102,183572.40820495258,193848.2414500348
1019,160000,166794.7714017357,167829.58334441832,178042.98212982784,181148.865573808,166519.05264483058,170600.37037586345
1020,213490,195829.69796909104,196579.7871854119,198300.24586404575,200394.03974353202,202099.67900274464,198211.48933210142
1021,176000,154670.96326066335,155331.4196820593,157434.7872936919,142958.30421676693,153776.21726611315,153658.14573668552
1022,194000,200865.29890153394,200860.54075992922,198227.2948619239,200318.61370306223,200781.04442650225,200304.59883167048
1023,87000,103376.91675903648,104101.92169784309,107408.15651610558,114274.26860910762,103427.97209152915,105508.37815323783
1024,191000,185898.64375476047,185461.2896143664,191359.26436017468,181649.51018388593,193991.22288088,187858.545118472
1025,287000,311961.36178773065,306525.89042412874,336095.677853485,302402.58637580357,321487.94035753695,315784.0569942182
1026,112500,117450.78381886886,117931.62613945382,118804.81892404289,130210.46205779747,121218.1864614651,120011.82148846825
1027,167500,135830.82813022216,137580.2281744039,152710.07492574636,149781.9311511556,138247.2550081299,141219.06497317404
1028,293077,295816.3873881477,292672.97576544527,316753.9343982513,293986.2562515637,303469.9453546945,300148.0580223614
1029,105000,117647.50887618454,120911.77943500722,129208.13746542808,131497.26517837174,123089.8930659246,123031.18509099622
1030,118000,120525.33386200917,120293.63112905502,112463.95815289735,109420.02681126755,133510.49063855858,120046.39954405776
1031,160000,132769.1514998516,133197.87276890274,128055.80974376362,131550.4641942533,147025.88538272044,134564.4478150785
1032,197000,231763.67954310158,230758.5547341833,228425.72290097567,234988.84478762682,242745.1898781124,233493.6494796214
1033,310000,321967.2766788427,317187.1170037649,326627.28407335456,286063.8077360406,312437.08427418076,315401.7778642183
1034,230000,238885.89341916927,238874.43285667224,235478.99596202967,247889.64226549916,261762.78498710343,243744.63441474581
1035,119750,125939.26097319118,131031.79640309705,122809.92139914115,118464.34010767081,117013.31710438438,123612.7535034963
1036,84000,84651.68092031805,85332.60436928133,79713.16817409184,86358.30983600764,80196.89451568664,83171.99093961512
1037,315500,312674.43809047726,314917.95511784044,322739.22934153373,357903.19939708326,321161.88793661824,321778.62057331676
1038,287000,249213.48342996815,251434.3729910681,262139.3359766358,251119.9512599521,264718.3268668107,255231.77110827007
1039,97000,94146.62414028007,93808.16345856102,102351.35706099607,105800.90259793765,90641.68164719461,96119.32736080929
1040,80000,84793.10587008808,82964.93089469738,85877.5581501087,87999.85134109503,83656.31082143511,84766.25435211853
1041,155000,147243.09825610172,148863.89236053932,163696.00304916137,162950.527704544,146560.40636541395,152105.61261648653
1042,173000,162198.9951803594,166583.40264503018,167053.3313799901,161027.37429108657,163382.5372749857,164030.1990030726
1043,196000,188928.45184673014,189781.19747725825,173669.54082769025,203590.96856413572,199120.15535282256,189917.1448899384
1044,262280,265468.1887085728,267657.2275333948,255764.03316841015,236980.64216738398,246342.01395264556,256687.00909763615
1045,278000,328842.6800696119,316927.31554946,281482.0759001491,314083.7386103561,325567.4152834504,315038.1619579149
1046,139600,132767.34234667767,128576.93929803012,133604.02030361583,163140.6812120443,136381.05915504353,136102.4057273704
1047,556581,453297.97369730205,454255.8726071173,381080.03223723226,389296.5764414169,428544.8446068849,426767.25159710494
1048,145000,147550.0385025704,145594.27162584,143713.31980265697,142703.4104042042,155218.38108817372,147360.4275902359
1049,115000,133066.911973056,129554.07963220669,147574.82978966978,155157.26818248234,138949.25378212862,138547.07421407054
1050,84900,99485.51484794445,97315.4907432625,101040.08001756041,109169.71457506434,100681.06288268405,100678.10562389079
1051,176485,181755.9191828316,184701.69105530923,189497.75982235454,183214.6095022908,183083.39202531023,184159.64969822462
1052,200141,196342.8387120993,196901.27543593265,190151.36412777108,173315.45518831053,188929.34521011537,190946.844798158
1053,165000,173917.44714740876,176057.51424534203,177035.79388992445,157483.13066882847,165181.74758503732,171058.77267515264
1054,144500,141341.91657386406,142589.8458979337,148683.63679435078,145193.01644564574,143095.5631478371,143702.75879257525
1055,255000,261574.9861657099,263053.8638593918,270729.4999339477,246420.38714101398,245971.80621278565,258417.82586680655
1056,180000,160537.4941046156,162442.5338853989,170174.28577538143,163872.5042168639,162774.43633183467,163467.63330302289
1057,185850,209894.5989378757,207181.59148562863,200645.69185086212,211251.94723115076,208902.17783673055,207621.66206074567
1058,248000,231477.81454900544,225444.2013858876,231253.6935659986,219853.47986195737,240846.0174862984,230621.86709106297
1059,335000,349504.9240438612,350536.3123413407,339432.17761372967,347721.1691877743,358930.17115720344,349516.6453174313
1060,220000,192853.9492067843,196147.96913886885,181214.05657740153,176713.3454850498,187505.7439065821,188293.40174610424
1061,213500,208786.17156261133,208889.15216549652,200174.19670917006,205159.43689148405,210143.03954535394,207062.3486278497
1062,81000,85375.16112594618,74431.56452855146,83579.38199381596,99966.40908876175,88553.6842839473,84947.8857953411
1063,90000,119482.90521048963,117471.32526188948,135457.95693221167,119137.00771236263,122255.51816552674,122315.7043575801
1064,110500,118033.57801088617,118072.24882415384,132088.89284680103,125464.91996362164,124751.25417727316,122692.73218847066
1065,154000,149777.27326176435,154125.18233763965,156068.3707785918,155924.93267433488,151447.43002880592,152829.5829116475
1066,328000,279084.2549836313,274996.02889917674,275784.0705602855,267822.76631216385,293483.90606841136,279091.68315745244
1067,178000,175605.51684161098,175412.30706413745,171490.70586984282,181488.18686684396,181248.8388022464,176625.58574705364
1068,167900,185236.64552414024,187356.86572207604,174138.28196578592,169745.37933652505,182459.5535576537,181143.20149499798
1069,151400,188149.90274951624,183594.5479136929,166925.82623592904,182865.479720245,217425.38905569573,187972.90723262617
1070,135000,124518.61385339193,125105.30402298877,127231.2447116302,126221.4531722298,128057.62115463374,126028.67627592126
1071,135000,128361.86739644485,127149.98180743548,132088.62639344626,133179.01278465198,130932.14035098869,129864.78283765518
1072,154000,150161.4514326653,149935.78578693524,158203.89449759168,150904.90927266574,153276.21061691557,152246.4040392276
1073,91500,110778.51432436942,108510.5359286716,116752.03474755846,121689.3743533974,120760.10778114156,114591.83294988307
1074,159500,147605.74505935726,148460.37377750958,152056.20315404367,155737.71174937417,147566.84905495873,149519.8490364641
1075,194000,184310.15015528176,186281.59191351745,195581.66878947325,203705.05919636652,184852.58086990108,189052.81719369144
1076,219500,180806.98151537092,181342.76699358932,203557.5278616505,171268.65063592565,168491.9006529777,181044.54851177934
1077,170000,159303.86641996348,155999.12572665518,149491.92282524297,161067.68356436156,163492.26764360873,157857.0465924445
1078,138800,126418.49032137965,124845.79136241661,131174.56879634727,129267.24416101104,134958.86224820046,128958.4484125758
1079,155900,139573.0299495223,140135.26361351245,144022.36685326742,142708.95534524604,141056.39590071177,141149.7238753142
1080,126000,131038.7453277443,130933.84750034785,134444.4718911874,132142.38727669074,132767.45142327648,132102.61554503028
1081,145000,160792.5080857082,159997.2157417738,158468.2569403227,164414.6439304761,166684.1337454537,161801.8753343631
1082,133000,126078.37417508347,123888.47880310687,132456.73660765108,133333.76911864316,124278.63905679612,127245.90389018394
1083,192000,196661.03920496488,197243.98544226683,195986.3279152505,197910.72556628138,192223.27640132493,195909.00880173003
1084,160000,154469.26401279087,154493.1265898614,152999.11224289826,150204.75662290916,155090.83275058775,153814.65923061618
1085,187500,179153.10167655474,176336.94544402542,177472.3904907244,176418.77550331413,175353.50273167677,177193.4938760655
1086,147000,158808.8558499944,160548.72282089337,150138.80578510775,149571.1997217506,153571.33244762907,155380.42577592898
1087,83500,98798.5314934126,96371.33692441272,97363.32473192496,88325.60188050242,100456.34410479294,97062.56512740631
1088,252000,253463.88438658734,258444.56387279934,268132.77836582647,268582.2914114628,251635.40086971672,258460.94210983548
1089,137500,146910.2432634471,146361.0569184168,169657.3706592686,129872.79197944909,135149.74199790735,145985.276947293
1090,197000,212234.7611884043,212373.743894947,215335.4343816473,223578.88742715932,207411.33875358515,213169.02761599477
1091,92900,80883.53234720134,82418.5598111112,84960.76491525739,87611.71699425297,86838.31429591551,83882.64069169232
1092,160000,161775.41394814086,161690.50813827026,159111.21236104038,165163.572868191,158598.3282283125,161037.20933518672
1093,136500,173772.2473572662,170130.98034054312,165308.04901520294,162637.37940428834,166907.46774628924,168766.1428791087
1094,146000,168282.1158323009,166366.52809792024,138234.23179573426,145844.6846952337,168750.64506806733,159386.43562513287
1095,129000,137784.4847557124,137495.3165661829,128329.4312274908,128590.44238013704,135375.35835228433,134378.37119906236
1096,176432,174214.6693728094,172470.3832555687,164185.55228623765,176973.22505877333,174374.43250415096,172374.92129114337
1097,127000,115358.41021465567,117471.1995352017,115550.79225771879,107602.24477715904,109125.35262263576,113580.52717949849
1098,170000,159684.38783886933,161699.0961226922,181664.1644094561,174309.13300532132,155775.81968430016,164758.2436874726
1099,128000,112846.58996164847,111738.88249102372,102215.63186894308,112205.95226398027,116115.54928875122,111193.7817487393
1100,157000,164577.06431592038,164714.3086162059,194249.4942240715,183979.70473562786,160123.88729255376,170932.82166395095
1101,60000,64913.70579413755,64701.08687237716,67885.71058239322,78134.01122096938,55671.75086587122,64844.204034074195
1102,119500,115372.38329772995,114948.89479180808,121826.49047193253,123043.46882847282,114484.76340149817,117144.41795672878
1103,135000,128874.83563294918,131853.00398432522,134527.15821133097,134991.13940313473,133128.80317989725,132052.088703559
1104,159500,160252.11252885588,161959.59141254183,144114.02436094658,154233.19640643528,154651.1377828901,155718.98243698923
1105,106000,111556.3339710655,111667.03288971368,108369.53751124162,124589.51950132882,114401.92414794631,113047.51368443127
1106,325000,327327.1965827796,326291.0768583492,346697.13064736396,289529.13488448353,303723.8662415583,320852.60525691666
1107,179900,194213.5205280291,190739.90976822452,192923.09663549953,207315.19340902177,196964.42814528928,195350.53703150898
1108,274725,256951.08761070837,253627.93600866693,228095.09196274032,229345.34949672467,273403.3941525474,250538.80494857294
1109,181000,165014.7748245429,166024.58115254305,171794.1549749195,170840.10265515844,171473.3331219028,168400.32846505006
1110,280000,312929.05174389103,310984.6622684324,310003.57998762623,309056.1279382278,347885.3611196854,318213.99959271995
1111,188000,180775.27198675586,181772.15495449424,183493.55168802003,184889.8029403548,186616.439962955,183112.6968486676
1112,205000,190640.75946745463,192654.53922614726,204014.53615076817,189283.37480480172,182875.38364174124,191621.4512999968
1113,129900,121403.1837640476,120615.78124047948,123213.31895848746,124974.91562541593,118212.69192474861,121344.414920805
1114,134500,134296.82784088657,133184.4672534097,134249.39917105058,134257.997418547,135508.6602534511,134301.50987101646
1115,117000,119145.2600377504,120827.52371396462,116168.1796491322,125052.99779799159,117873.61421881134,119373.11111548549
1116,318000,317957.3400566653,315407.9726608957,303383.7669054075,307402.942907636,312216.37081470893,312363.23212374526
1117,184100,195266.64496370527,191028.15066657172,200410.61473679214,214037.54582909454,191565.18907087346,196732.3313797427
1118,130000,134198.04162968666,133073.0927034645,142664.50207499237,138615.31937046535,135297.14335238564,136205.2488325245
1119,140000,130160.20504913773,127158.99502931334,126763.50824342406,121615.57096537347,131310.6605827881,128118.11779849252
1120,133700,129661.21400586507,132200.54893056548,129529.76569537641,128508.77645955588,121502.20997955151,128323.13841069845
1121,118400,106338.61340640443,113224.82765289111,113161.88370998348,116412.56105301504,103537.61648993369,109496.76265840659
1122,212900,221227.10829318207,221721.38304322909,216581.96440168636,226114.84587932605,236851.221707403,224098.85960705084
1123,112000,83602.82435284235,86886.473006212,89965.81784175805,103852.98104484878,89836.9411613886,88889.80460545524
1124,118000,104791.49815624586,107141.20987808428,103077.9595152059,95689.96751125515,99790.99782569552,102797.18330276405
1125,163900,166251.6645708554,166000.3089507941,175835.60740526914,173683.12938757814,167468.86959963202,169016.2817832197
1126,115000,106805.45241501533,106733.52063315576,118937.59165420635,118610.91503148866,111097.94284835494,111130.12576028933
1127,174000,198738.31521663445,199677.41820830276,207833.757483077,198357.57466309404,201136.93909428333,200970.0729487229
1128,259000,251803.14099922363,255553.6353442094,240260.38063092064,234715.08715901326,249292.65880589036,247824.57150359396
1129,215000,206924.82198766284,207807.23369017214,214467.53317262774,211547.24681365959,208168.92295664587,209244.01946877074
1130,140000,127456.61466552167,129970.19352059349,126406.86142717977,131214.5866530982,126672.9230493715,128053.30629827175
1131,135000,140216.7513754336,133432.72413510675,154219.0294487099,157019.5260306488,150014.11932897885,145110.26877114482
1132,93500,110241.80486800493,109348.12334257746,120712.95366659435,95741.22815116543,104342.51497711643,108794.26614787236
1133,117500,130080.85780565596,127962.7477952279,124946.24151977053,132983.71512157787,131341.4704220038,129308.50640940205
1134,239500,235521.7711583202,235020.26518161953,267225.8157178935,231463.77754756983,246679.6059858325,242567.777931923
1135,169000,174493.2868445462,174247.9069962323,161145.69830838198,178336.40155136603,176591.17939066573,172826.00969589522
1136,102000,104953.06370110894,104150.70142694037,108129.61155858244,111514.26849142562,96502.35647510718,104358.60194786894
1137,119000,117832.73602185631,115382.40787017466,126555.76304229736,126087.29213833614,111604.6990190011,118531.9728990866
1138,94000,85796.71822844677,87455.1338935099,98025.10268395761,85001.05909152757,77903.93878654386,86433.43960512396
1139,196000,206474.01647270427,207558.62177100132,202217.40681146737,205396.06034433065,204120.16445466338,205316.26215292365
1140,144000,114619.15213858159,116312.5915180657,130901.53390571018,134370.25832795902,119228.51119841884,120955.31735045565
1141,139000,123359.91359479658,125882.5339283596,122577.39765563903,124737.88101730666,120291.48449698152,123261.07880632856
1142,197500,188611.05100572636,187621.32733904725,168612.9350594437,190735.21525815246,184808.6898434161,184146.35511084032
1143,424870,419741.4498835809,423087.30649027106,383386.7420917696,351826.64259817626,367878.8625874931,394398.85868537147
1144,80000,97800.66310022556,97245.89995179645,110252.1001845654,113265.90645605563,103303.4678576499,102712.03371240025
1145,80000,87830.20794468415,86339.81969905311,99453.0777243569,89987.54311440178,95034.93703271003,91197.98311329095
1146,149000,123385.50078117228,124212.69076179233,127846.30056041855,133055.29456470784,131267.58902428654,127037.4198648301
1147,180000,169232.6572908528,172227.2546316451,163455.5404613042,184109.5853860599,171895.76171923772,171017.1904140254
1148,174500,175156.86910949732,180280.36053180526,197558.13053488618,164554.32285557507,169699.91949573148,177556.4142086284
1149,116900,122605.25313311542,123563.54600376142,115369.08110717138,122692.73022533441,116361.42472940269,120206.22576390416
1150,143000,149105.19763472714,151114.1943106185,154773.0152948965,140474.5969079025,149309.6071821301,149480.07862931388
1151,124000,123816.92266533407,125535.63806811153,121014.78238110551,129942.84075625864,127011.87319704867,125002.14712543301
1152,149900,152161.8263570707,150026.6808070608,158671.6689730627,159767.91997130026,169612.54871441284,157154.0770969643
1153,230000,226911.13485052332,231357.3292438141,201643.65198768067,188453.20024287933,216917.34426688624,216133.40587992416
1154,120500,120963.32860208857,121976.95409157494,113684.44847778219,124038.08714640542,118156.33668103545,119617.81865414116
1155,201800,224706.28678133976,221732.06632214683,215180.26748484423,189643.4263476227,211834.24595520445,215330.96157710374
1156,218000,218835.85679924965,213367.97916338433,184445.17047782431,186634.69364894688,218602.81111278036,207094.10913784915
1157,179900,193898.6460867898,194245.66022947663,168583.8942881333,165730.7160404086,191998.84131475494,185249.77121800513
1158,230000,196640.0487041903,195085.38871368286,203187.58436200873,205364.36177923708,208351.8460092215,200830.8893665003
1159,235128,223637.8608196699,222134.26153364003,245265.93797629146,245360.67577588838,213932.26085234815,227590.04684361344
1160,185000,181481.7784031003,177188.27232901787,177555.45259582627,195568.35540697604,184210.064895674,182068.79895278
1161,146000,137658.34932911815,135438.3184535798,143440.7203160668,150078.40675298934,142932.16841958457,140725.98709098945
1162,224000,219804.85564441432,219984.5592083782,216479.14579371607,193325.73727012635,216413.16962585007,215216.72383691135
1163,129000,126467.44294631178,122706.74293731943,138325.88627094074,145004.48686627558,124753.39571002703,129510.85891117393
1164,108959,126419.77273934286,127145.91341347624,136137.83602796253,126554.90482172194,144046.88777545196,131672.60651703354
1165,194000,202966.65903501605,200195.4193648584,184321.13953443393,175908.1566998356,204179.54594956466,195775.5856808482
1166,233170,211159.95358195133,210993.05087077242,213717.80933145763,222090.318623495,203517.78785407016,211306.30547976884
1167,245350,231973.48052677338,233298.17162509472,252290.8150290873,240383.20389407792,221122.2769744379,234526.01450988668
1168,173000,193025.50912301568,189441.32213669166,181115.95634695512,191217.63299456867,189318.9308516834,189161.9251772096
1169,235000,194123.96130499875,197475.68506912375,205063.63974608458,196679.06809239846,207136.77114072494,199603.8191147758
1170,625000,618786.5953714518,620690.8798734196,460635.2567618045,397163.7573901724,485751.42570662865,530396.7021067708
1171,171000,158096.41210204663,156013.02192473668,147418.8421001274,140245.76194665494,171380.47285567824,155979.43949583053
1172,163000,171567.20430175186,171555.77495116033,164014.92798351683,156365.29805033543,164030.13663656163,166790.73964314986
1173,171900,161692.76911070375,162032.91503356138,167090.88149255465,156173.9525917358,165179.6997006614,162736.02020331693
1174,200500,232142.35820465733,234070.60381134422,200139.8539865854,159539.1654158797,218122.38373693856,213756.7697186888
1175,239000,217351.34804011503,224153.78356849132,198454.0763157278,203777.28898547564,215508.8119866543,213122.0684495631
1176,285000,315715.14886712254,313329.63816255564,323884.13543885306,305152.48846374976,331357.64038529736,318464.10696134635
1177,119500,128636.11792562032,128526.6756226846,128284.8655623312,131734.24706348876,125629.73627303734,128310.27678073871
1178,115000,123350.29951857646,123786.71650953835,122820.49048821062,113224.097950114,115247.63823959278,120432.77502144585
1179,154900,129925.13456218068,131336.70339650233,120084.17535855898,132207.17627832817,129558.73345567491,128569.08684120295
1180,93000,93691.5774170414,92619.8516085772,105069.108743283,109256.43983991767,88584.34578596202,96117.29575911234
1181,250000,248505.80680205498,250977.4021667646,255156.29662801526,203952.75120721097,229787.68162172547,240525.9397091511
1182,392500,279857.888017824,286345.5982628227,263123.01751267514,270590.33496546367,291332.20880818076,279153.5365986826
1184,120000,140613.80551211233,138828.11362202428,140583.63005554784,142839.46140315456,139134.36552758954,140217.04025523484
1185,186700,198966.072966875,208769.04738551856,181140.87448568636,172144.58164778267,203343.76299423404,194967.97103379315
1186,104900,126710.998220078,123648.62537255007,124840.2188421388,127013.44722280627,128348.8564733233,126114.88013296555
1187,95000,99154.59048134707,100342.45020534066,131504.90721711938,121892.82022863254,101673.95083791179,107735.71055067187
1188,262000,260014.00144967466,258527.04689255674,272924.0223218717,288242.09258652636,248276.9474565693,262812.4314652668
1189,195000,185310.35931463394,186678.77274770074,192965.84692505896,185421.67031017088,191903.46714035547,188265.69900959244
1190,189000,187624.24134252168,189789.11378186313,205957.63066437005,190271.7425471317,193929.99575747497,192830.12299525834
1191,168000,188438.15043047274,188587.56411756907,173832.2257610689,154083.5176255006,191164.60009570722,181839.80418967298
1192,174000,174707.73597099565,176401.40692820895,187195.7642019884,177528.50543467398,171102.68320442524,176836.07605925386
1193,125000,123774.89028537051,124513.34786978643,128295.69944189345,127631.0394872512,113385.58755553988,123009.16088410342
1194,165000,165436.80797194564,166570.19200413566,158647.3219566196,152057.46156759327,165018.62653717675,162680.13240799724
1195,158000,156170.27869072146,154552.5468835862,138189.46337708182,152363.04785228666,143213.24651271888,149390.31255144533
1196,176000,163800.94541834056,164122.5683656511,163394.05614370125,176112.8693797916,171702.26521115995,166786.6343338999
1197,219210,227239.14831776934,228750.7976075444,228588.21695720463,243484.10687312405,224793.25180583686,229181.88606261954
1198,144000,153829.02798577803,150135.48254125484,155324.98447608468,144720.04063411648,149237.43103112854,151311.03072708426
1199,178000,172303.24222912916,171845.49666160913,194042.0590655598,188229.16457734353,177325.79810046582,178835.50298881787
1200,148000,138343.25178972897,136262.63467418967,146750.6579207524,147717.62678079566,137223.0813145157,140269.8957122171
1201,116050,100419.91138821947,99860.00315034222,102779.23312640142,106507.31357457906,99171.56944721717,101188.27732085343
1202,197900,192250.94622350973,193407.41937717915,196531.21694952814,199849.33428785796,189290.2256487376,193545.3815376719
1203,117000,132661.6789602606,132427.63395040674,123977.03301642755,126212.64125304749,148287.03591291682,133159.99769970655
1204,213000,207160.22347185676,208052.14934281423,208247.36391382088,211951.67275639714,207567.66265171135,208185.7626207366
1205,153500,149495.85037005018,149266.02584513265,143814.229134462,146486.43212110293,155946.9065315332,149305.6737943404
1206,271900,280751.2093814009,282907.0768327582,274886.39460033923,246292.05127703055,258150.7210802707,271157.4586916909
1207,107000,109316.84481061863,113478.32477740858,114518.50398017402,114644.70751546825,112600.77718232815,112361.38637476892
1208,200000,212005.23342223585,211835.95421149777,192880.7165990193,207783.79077783405,213155.53190105042,208117.50848372158
1209,140000,136133.7114553098,139983.3531738222,136343.6926544995,139666.6991345391,137330.69623111928,137595.41493336964
1210,290000,302615.7673773103,288387.56918998796,261900.34765474196,287367.33782240615,309720.5052396287,291563.8990657628
1211,189000,191218.40027059976,195785.26911342284,187661.58169852942,194831.947332992,204397.55588473534,194480.8459021362
1212,164000,224679.06867499213,225117.74218640046,226768.90264852508,202145.5608866301,208446.64783194763,218995.12591934894
1213,113000,92955.80262017102,94763.11759195622,99048.440006462,102659.50204085912,83462.10826578179,93482.25356876754
1214,145000,143730.38560999325,145189.41178202978,116257.19279355867,118660.14203119882,146098.90897865518,135916.796520419
1215,134500,124761.82537826456,126392.12423439689,126484.14887495962,132076.08883542506,127750.47626681605,126854.66045424879
1216,125000,112750.20475028157,112199.83842253286,111557.44315481983,118195.15180157506,112932.87212906007,113099.1711340307
1217,112000,126323.32118674504,127313.74091573872,143382.58314068062,133798.46279877183,122983.11575842576,129638.11460977855
1218,229456,231545.39229821158,233360.00721995116,233858.6339737459,232365.3579483206,244293.5228041707,234925.79165241268
1219,80500,75467.26488039138,77387.54868083874,76616.98390444394,70451.1300686691,64953.03881097312,73199.2740546823
1220,91500,90370.16456280854,90448.44617737034,102745.38133512963,96134.15191532871,84500.48469491414,91943.73307610032
1221,115000,103043.74852549795,102477.77431145727,119362.05620868057,116988.84227841788,104459.60406663266,107605.72558583572
1222,134000,123195.2950203622,123432.34290022748,125183.12316163738,132345.75584841543,124713.30755605584,124971.22717621046
1223,143000,149542.77596904748,151301.27995405692,157946.7938680942,149730.6460666041,146331.08059059855,150742.14788153963
1224,137900,146158.5893724213,147800.75563677147,149568.19156500342,133314.1132788408,143970.253045692,145041.86923534883
1225,184000,199411.6227792109,196773.8155460824,206750.14789190056,188137.85831050584,199690.66127407458,198841.7360214179
1226,145000,141224.03224067148,142973.82121031586,122055.70305182628,139349.6063244215,141082.3611936259,137654.8696787622
1227,214000,219437.66985995055,215945.26913289918,205084.69436219145,233503.29316010574,222467.7589840977,218302.4738299495
1228,147000,152216.08516609654,151549.22953218082,135724.91881324953,136899.20098733288,153068.63443731554,147255.9976570932
1229,367294,353935.8561346414,351642.74310640775,333512.29417051224,376437.23458837246,354362.35038250266,352395.58388018835
1230,127000,132470.47165697737,133382.57617624998,145302.81285778718,140231.77124867775,139377.3999196617,137190.7760905055
1231,190000,224979.9485902401,222381.8806147174,189173.44169618687,176073.40767176548,210599.06322466317,208483.8416474537
1232,132500,136283.39029611327,136670.25113158472,147392.6782743077,142573.28020163605,139656.548605455,139730.16771384198
1233,101800,98637.51740808076,100728.66158145819,110376.91069450352,108191.80317459664,100425.7874081594,102573.15430200005
1234,142000,127815.79676140135,130440.74959341672,142318.76720654158,141842.80362752546,132331.3376379148,133411.91809037395
1235,130000,113422.33835618489,119255.19024432095,115326.991852971,117947.85705487624,130687.2545972157,118768.71799920432
1236,138887,139541.21427148112,140826.5951952535,147114.04805009355,133157.7060082327,158883.39182131842,144034.02370897325
1237,175500,170241.5006287676,171300.08542312722,180431.05223496037,166252.6956461557,168396.31879949462,171382.28989770258
1238,195000,208344.31403991004,208090.06954810309,221754.98763551307,221630.80336759394,204575.0188629373,211440.46913327786
1239,142500,139030.37980396708,139565.43733197617,148938.90698765547,148987.1191074262,135085.18363629736,141230.77763418903
1240,265900,224142.86402137906,224617.0244705022,232969.4765850687,244428.86379302596,236565.4303385921,230636.68598824454
1241,224900,209791.69799147474,209277.4695173843,200368.1703847795,209522.0237908549,215069.2293773415,208964.91483932218
1242,248328,247904.26078511617,247542.82961668848,226291.1149509049,235871.244083497,239876.15873023757,240754.17984097416
1243,170000,167530.9960639549,171906.64296825486,190530.2957557496,155105.9209126274,177093.928145863,172661.99492902233
1244,465000,455459.82999847725,451777.78602200345,407365.9859012564,404041.3139533433,406348.33131880633,429405.93884454743
1245,230000,195552.62074301366,194440.88462764828,200581.66499065628,180217.342385478,226821.16547999607,200161.8664116833
1246,178000,197968.0122475913,193644.9784680765,187589.54561490804,183314.05125088664,196236.39088260182,193061.95929711647
1247,186500,192820.68324639028,193394.55380588752,191596.24026633953,196147.13310448523,184178.2700374771,191347.1967475316
1248,169900,143519.51172347672,145879.24416372625,148023.2296249284,148002.21268397942,154353.05765351953,147457.4082370752
1249,129500,140821.47190140773,143507.94439618147,151901.99766816339,156361.49085135906,135819.17246918552,144060.55230449972
1250,119000,119224.92687982196,121386.8617207048,125556.78735804881,123943.87465747756,125320.28726602759,122553.85495189724
1251,244000,270858.65432119847,272219.6752725793,239111.83137821723,269028.6570044091,254624.67893738017,261644.03327415732
1252,171750,196763.53956632325,196788.29079591375,185877.15748109578,199026.98589020738,197623.34657687668,195200.53746491746
1253,130000,110280.912623114,113941.86465408475,123989.54577708813,119864.01294438646,105104.54332008651,113413.05363468385
1254,294000,268901.5202624441,257156.9259528394,260154.86345791759,263193.53186842136,249772.41368690314,260376.20534171024
1255,165400,189806.9254834718,190568.0101115847,190669.3813458755,192334.19297789873,194105.03457478352,191270.64770491354
1256,127500,133084.9904828268,132614.21196709407,123524.9607972642,125619.93563194515,135505.42948989972,130782.8981024108
1257,301500,304034.4123632309,298964.6330032881,332773.4540438974,283405.70023466385,312047.59011058253,306987.53736393637
1258,99900,97886.24143312243,96533.31505833044,96270.66917697573,94669.36293676068,92730.43574111683,95889.36748218065
1259,190000,189112.50062512985,186227.14416440926,181348.97759968322,186142.44385460817,193908.35816450993,187697.35111492206
1260,151000,166985.46929770798,163534.58430710598,148128.72949555068,149290.3861892273,158479.4886189888,158898.2216243684
1261,181000,182264.41649645564,180193.88493464736,178912.00137596615,178426.4435658173,201252.06408060642,184398.27717032874
1262,128900,123789.17294832326,124721.33555304566,131334.00061535768,130938.18057390655,126067.68748994192,126610.45069307783
1263,161500,142237.7589874315,137128.5817453557,139652.79318494248,144499.5070020203,149938.17074507763,142496.89685031967
1264,180500,159700.07670324977,162122.4678785544,160170.37756323654,163136.45174582078,163059.23048370416,161346.7321336246
1265,181000,151922.76348856554,152727.58088519552,164447.9663274894,186125.66354103867,156845.84412501697,159084.12409206145
1266,183900,179040.854955471,180033.00191334274,176696.50482538575,161342.19860985727,176838.74915104156,176157.98944150686
1267,122000,118457.05941818331,118516.69229631258,151170.16680398048,144453.9369414337,122854.16793429942,127694.91601545543
1268,378500,327759.93612059887,322793.73991603486,373083.9252742871,387104.8570310163,336103.6218031675,342934.3852902186
1269,381000,414858.5297386666,426854.52541738434,317666.8633634571,270591.9269328776,411823.4132082097,377225.4043072105
1270,144000,130672.9751879344,130269.64128504432,144150.96765863252,138344.62006548364,139991.65098010076,135689.87461006283
1271,260000,212673.32632680825,227338.84286688472,221220.46950325422,233259.11058876867,216862.5307882839,220340.70317666497
1272,185750,168809.67424925615,171730.45793818566,170843.2675577956,183146.4491746874,176350.51519225238,172928.84840507837
1273,137000,127320.61089702147,128031.2593415534,134495.71128880815,131638.16088351747,136725.77365191438,131098.05006488413
1274,177000,172520.7168654605,175411.55802222595,153702.25672905138,148760.78037157914,170766.2167443571,166205.53072064498
1275,139000,145040.1331948213,146382.9778885057,130103.5488406922,151219.50044369797,152761.07501491843,144701.18902197326
1276,137000,140664.77500386437,136958.2038340168,145478.187987526,142392.95168511383,147403.6905852404,142297.4533200339
1277,162000,160865.2367058959,163631.54579367876,163085.6397771584,159493.6802012835,155084.6207768985,160468.52538231836
1278,197900,194300.5148316497,190679.86419087154,195013.5799094539,173891.97706255407,186731.62354689502,189623.40798160076
1279,237000,254706.88532207056,255552.08894267154,274874.80983424635,241749.83495628022,248367.41248123036,255490.78948480854
1280,68400,88451.42077544375,78415.21308853714,96084.0202047697,107957.9705185581,84184.8526666559,88880.42003815724
1281,227000,211892.2510526939,211752.32001362188,216347.92704122062,212089.88236279055,214329.65758185287,213170.20312013204
1282,180000,193459.13106755147,188435.75390485412,189470.0383377539,180188.91843722833,185528.12192139527,188510.71868168018
1283,150500,154503.90488942663,157256.76468500833,141175.47071963246,141496.3091780453,153079.72921138396,150672.26694146582
1284,139000,136020.0167576707,135092.75771433662,138578.44156585477,142405.89540079123,151037.9408161802,139943.603248391
1285,169000,185059.19069150923,181927.1265716605,175318.34553859124,161740.46155517528,188206.05725911036,180321.11262334275
1286,132500,125067.28001797883,126503.4832414712,121449.80447117552,126001.58430719594,131089.56805907615,125983.53321702046
1287,143000,144694.47223837886,147856.64826051536,157228.05234837485,167178.74484729435,145880.60009074034,150335.10266938558
1288,190000,161736.1842037088,163994.76683361208,182470.98312943612,156721.08602898748,163434.12007617747,165465.28152768302
1289,278000,245214.07420133907,255347.21354098918,251335.75244763144,250753.82753044326,264891.56836154655,252847.66505446643
1290,281000,293847.08451508917,292872.5455704941,284217.52550361253,308203.24035494,310760.4850162147,296875.8872073094
1291,180500,163636.9445192813,164086.67429177134,164807.21985054368,153709.61593634033,162605.31836581044,162504.67795112453
1292,119500,117405.02288223631,117444.67006715511,107282.30052481811,110478.77286331312,127995.84019601501,116681.05790081348
1293,107500,123874.01551425576,120301.88788576837,111462.86836354935,118042.98880385423,118716.57139619555,119118.46467414769
1294,162900,185768.63302508424,186234.49028337948,183495.39736525528,187938.57808139527,189486.19358439482,186446.26895709883
1295,115000,119648.18223199937,120867.59460508435,124583.13401682349,127955.01765671138,116954.63361768474,121190.01498043707
1296,138500,126901.95444965079,127422.93094360645,133747.36029754503,139792.30743881373,135938.52035670233,131506.69201755722
1297,155000,146787.836018911,144251.88164116672,145164.8223432167,148309.56932287512,149625.77065374303,146726.2940960066
1298,140000,142187.84645069815,142336.36373513282,132304.9011600463,152852.57189213714,154002.816878758,143887.8261210038
1300,154000,161843.10635326186,165635.65240847698,146646.38125243914,143802.22120668966,160964.75422637525,157313.46703319662
1301,225000,224745.42109301375,225485.18290846795,225595.80488344657,226472.49369907763,227501.19396590404,225802.64895733562
1302,177500,161951.85816507507,162621.33968043697,161696.1593768469,160855.75966852368,167336.68049885303,162970.07236291244
1303,290000,306268.46422191855,305137.9582246695,312513.21267404995,320736.3657265258,298425.6261836436,307263.69438963465
1304,232000,219173.31244001884,217711.0208921788,213853.4165525885,220162.32359222954,236423.79135470124,221360.78978827916
1305,130000,146534.04687904814,150758.503453365,183392.1796361162,141120.0843512704,144938.726756908,152417.21830768406
1306,325000,327017.8031506165,327946.09330304735,315081.2504713081,275341.52014109894,332392.60021068965,319420.5466715942
1307,202500,198517.9195189382,197547.7418986961,186571.8599740822,202446.33565706178,189056.413424436,194671.38029322974
1308,138000,138819.7772439331,138532.70762085624,139864.33378146793,141589.1576490564,136156.2338348373,138740.81139040922
1309,147000,141130.76922371172,140254.61042833043,136387.1402217077,134745.14744798344,149184.06875160575,140868.9330609477
1310,179200,167248.02792442564,167040.52294226,166568.34231269447,171487.80427043946,168318.92922034737,167800.74864599688
1311,335000,318451.09331868135,321375.2959392892,280946.58618534193,251900.041254453,301893.5724354249,300044.5651908356
1312,203000,207664.52541272526,207406.3517718922,208322.0341597963,200548.23936281822,209271.46966576742,207182.80542184957
1313,302000,334502.0282841566,319193.0631842184,310160.90538685955,290487.78406514315,326193.3354725843,319805.80932097585
1314,333168,323666.5544035783,320231.8930515072,320463.698446636,304618.4457568814,339201.6737853503,323076.0741255716
1315,119000,115410.1349013196,114491.00041093929,123362.712448777,113670.06607550838,116292.53160927432,116581.18308014533
1316,206900,194862.1692768969,197510.60389930548,173410.6040140261,194334.3407098699,186643.49370718456,189626.26024884803
1317,295493,278033.0258692847,281172.91197119304,286841.23226096085,257827.15189435022,278496.3253229505,277793.7232295742
1318,208900,201234.68992938832,200175.7095374907,187750.2157509608,203922.25142061824,195569.78673141578,197712.3132289358
1319,275000,265907.95650925994,265653.2618789896,282370.4318397407,247838.02095524254,272981.58383949735,267890.12962908775
1320,111000,106297.86548242737,105545.46694137018,117218.85696880308,114059.10502539264,109218.32760998195,109541.71340421095
1321,156500,168847.79782706653,169849.36267520572,154860.7780059326,173916.14449870025,165399.59832638354,166340.70695520917
1322,72500,82418.50727090053,82135.27023138806,78368.76944435666,75066.01214592774,78482.46418472801,79922.09079360805
1323,190000,225211.9417780308,221246.05643614396,223255.0390823639,243782.96275151536,229680.76444374654,227092.13258353478
1324,82500,95623.9431616464,94951.72103073055,84978.3583159173,71142.18568346587,91968.26362405768,89521.82930738952
1325,147000,283202.1522614529,280818.575897288,295449.79659054667,310167.05095290375,278314.7170716207,287011.9049389526
1326,55000,67956.6858161105,70540.88881022646,74147.18406170451,79810.83482798455,62419.90663470907,69708.69371085799
1327,79000,92067.44820994213,91466.82904292687,88160.15161534754,98437.02543108288,96290.91307844984,92796.08569238642
1328,130500,139941.44129282978,140515.72618720835,134134.395857081,139689.01496578613,145603.17364349408,140068.2676462724
1329,256000,248297.56845277874,249993.33029412213,202162.28335022167,190325.07959824934,272501.16560003825,236437.66319516665
1330,176500,183764.5205399304,183528.1505055737,187621.84003835026,177349.3511160652,186473.04943825706,184158.94362199906
1331,227000,247998.24288123823,243526.75081936043,246402.05791708507,261499.07850874,256927.09836090507,250148.72751143016
1332,132500,129540.13114623286,127385.1042745527,132647.15158178727,132487.23040575223,134549.54999852157,130999.002697876
1333,100000,108535.08188228849,108613.39096283905,113503.23522129448,118391.79451957006,108632.44414969896,110596.07228834709
1334,125500,121693.63345233226,122268.36093852726,116943.73142016763,118760.58310564398,116875.13435194788,119614.58281192054
1335,125000,115373.74777248752,117299.76627846899,125313.56937385055,120706.72960231593,116823.0932960265,118425.35831971942
1336,167900,155962.90107975886,157584.84247799954,158436.08144223847,172821.33355782778,156156.00312179283,158710.78402452756
1337,135000,140991.54768821964,142127.96141993802,147937.47615568503,136281.15870081144,130441.45845305211,139676.4973069333
1338,52500,73111.1838075922,72831.06080546445,62922.07031845618,81578.54302581558,72203.30186334011,71869.32296211147
1339,200000,230907.40408302113,226888.02726718914,215564.52768936442,220872.89934446252,233287.93653914263,226523.43356056736
1340,128500,129292.95070365244,129112.42850554906,126319.97589309623,125514.67391629392,131871.75283056675,128767.04418629123
1341,123000,113299.78494630329,114697.17993542142,108095.62001240678,110580.0750181875,110552.46699451239,111742.82462944038
1342,155000,158112.75004234366,160684.91562799935,160617.79481328008,153644.90927498208,158329.32786383035,158570.5027285891
1343,228500,247418.41262719233,250075.19553570988,276328.2176701397,249634.5607724393,235710.12362313544,250756.6650953154
1344,177000,164435.5694513285,169494.47000166,161328.00572423878,175788.52392570415,176513.55878725785,168566.811653181
1345,155835,190594.2279775759,188883.3278421298,189923.38401959414,181541.15836189233,189916.95075436635,188888.50350507934
1346,108500,92954.15317359463,90626.27495899667,87642.46323273107,108208.14239130972,90047.60837276797,92603.1429587551
1347,262500,263396.21971927054,249971.4490902677,264915.3936561425,240249.65557747392,247712.64147371255,254911.4867397036
1348,283463,292758.1589375753,290588.82250893314,292878.0519791019,314431.1140370996,323202.99649554736,300753.19584770343
1349,215000,234006.76790836966,237544.23530920962,238168.85905840076,228680.19664851655,238447.44841606682,235690.82857638047
1350,122000,126864.61973759701,134537.1893883989,181947.23116861747,141059.88640064708,122582.18073984329,137776.36684085897
1351,200000,205394.56751685098,209051.47365514218,178891.5599357537,151960.75133138517,151434.43166362515,182450.99113971746
1352,171000,171064.57188632485,171052.84756806254,163729.24085585045,167278.94448836753,163673.85851529686,167774.37399624567
1353,134900,139764.79004664102,141412.1778071391,127347.65826409865,116599.4244295699,139285.5813509125,134710.01249458216
1354,410000,422091.6289823981,422892.4789607126,358567.20431938337,345290.6870022664,396697.60228057625,395334.5929644829
1355,235000,237051.98618521373,239076.7274424345,245410.5225265283,239001.31563788446,238808.153388729,239529.59361305807
1356,170000,191396.31400477333,188797.18603996458,196961.10378576326,199321.9668201735,206089.8851002609,195670.61724045296
1357,110000,106988.43155411257,108963.89989440101,124042.4799107965,110897.24030893059,121581.14613758733,113622.40974350958
1358,149900,162495.02827709418,161833.52374435405,156678.30038753062,155249.79054701413,156050.30363538058,159127.0316834008
1359,177500,162494.48114069912,163676.71449439408,163449.2569205739,172397.01882531395,161802.93848539764,163922.5672372551
1360,315000,375190.0515492051,377762.91054474696,371805.1111534335,359595.1259327385,354579.04077956657,368991.4384732543
1361,189000,185971.93323399758,182567.04696266106,168121.00370768708,151020.87363702612,196208.88226660332,179373.72756513322
1362,260000,259572.60472345268,265950.02594453486,239530.3949620532,237653.1556063705,272818.4016597072,256927.47094699927
1363,104900,117868.52342505907,118559.05607481473,130557.09979651682,138060.7005438726,126254.29982561113,124196.1227952764
1364,156932,173032.9971257744,172745.56520543387,161744.63178936296,173548.58774120794,168815.835971312,170107.1646148264
1365,144152,146423.7826331118,146754.02003652253,152871.27601836217,149222.36893784822,143129.6840944693,147294.37538318857
1366,216000,202435.59531875525,202449.20060555497,197200.0107606918,210412.6380836655,199841.92853994496,201900.9983964417
1367,193000,197289.9018931988,197237.4540237509,209975.4741425895,216834.58685844115,200899.41436456452,202512.03580751226
1368,127000,131957.23356054028,131294.4790218455,133213.85055355498,136606.33269965008,138326.51585032706,133855.34889520158
1369,144000,136388.1394539119,136951.83617519168,140337.19721493972,138192.49298654095,138182.66663344868,137780.10308679153
1370,232000,242161.6139219405,235948.1087831768,246594.24431400633,249875.52160281243,243540.07325009513,242880.55781444354
1371,105000,114265.32638777533,118342.8799630729,110752.66531691293,105338.33729857074,121064.64656545922,114630.54733406084
1372,165500,183104.79042756846,175857.2937256399,165427.74588995212,158958.33772937043,172604.9215622345,173283.06766093787
1373,274300,266948.81248258264,267090.3839182151,253171.1843299642,216343.4274957398,249472.4588034962,254387.86341242772
1374,466500,501419.1187126509,494839.725971246,412172.68822288176,414662.8152263674,484650.1419182213,468680.1059495295
1375,250000,237523.58886268278,243999.54091601024,229481.53413659468,241727.85595506706,255164.81922527388,241261.36692783053
1376,239000,245918.34996331818,245288.67902958722,256294.20939712817,255688.29138890133,266674.47948454675,252852.56156183226
1377,91000,97804.92305830092,99234.29087734915,100028.04452819683,101812.71386347327,84495.16612718487,96109.23347970843
1378,117000,130321.37068613367,128649.2964777243,142907.3814245969,141972.42248543608,130151.55675795018,133490.50299072245
1379,83000,101893.09738224896,102432.16672845867,102642.5985199867,101462.68986515384,104178.1549774347,102537.27536648088
1380,167500,147589.5638811348,146912.19366454784,141451.54145053445,151342.40809330938,150204.23076183142,147288.67569079372
1381,58500,71215.15871951856,72208.92861175658,81456.46651893991,78541.59990906357,65848.62504393037,72874.87837823195
1382,237500,237635.12266797764,234195.16781368852,201390.82311635456,217121.04391606557,218947.27748862692,223814.4182509647
1383,157000,157592.08204165468,156134.1450384151,159726.90171610346,145346.88462155696,168547.50765057013,158270.91192850698
1384,112000,143672.98031471478,143524.66166002105,147446.2953314919,145171.22697063032,152737.4758246177,146273.85951360362
1385,105000,112458.23151725302,113652.88806751356,111102.5950182427,118133.21783973664,107132.80427097483,112024.48778838819
1386,125500,108879.99656087857,113428.80091078702,107845.8136297148,111513.63756789999,122028.6060327506,112435.99873085074
1387,250000,339389.576996261,334291.18135565735,264094.73442590743,237660.51764505933,309516.76460434124,304230.66024090134
1388,136000,158936.27805644227,161146.1112403272,144200.1692465751,148978.82177300652,163242.20854350817,156230.61978194275
1389,377500,352799.7892024464,353615.84383351344,329547.23379116965,354799.4275030067,383166.2745856953,354703.45989727235
1390,131000,125790.39302161541,125134.44731674468,127977.10181669547,129565.27137168718,129716.61287039376,127277.36639269869
1391,235000,218816.76606796216,218784.1369243012,224090.14436695215,219075.71980113696,220932.56676986263,220204.75774885312
1392,124000,130136.97110254077,131021.73848902233,136996.81141099764,128193.09273098127,137882.2666180779,132813.49385272042
1393,123000,123866.13550194053,124062.73946086408,131810.09708228687,128216.06427127546,127933.96703482399,126635.38630365819
1394,163000,138516.86396348246,136540.38112126992,159440.46263565618,141752.9362673344,142475.03003486455,142857.27407585038
1395,246578,221419.20852872118,224609.40746260367,206160.255391574,216812.97617224697,224810.8316945756,219331.3675163914
1396,281213,280030.55582601274,287147.4946627255,296718.4466073493,301100.03632783593,279064.74832637404,286675.74175547366
1397,160000,146670.06863571133,149449.59169199917,158836.22994061824,156317.29068047897,160310.145360549,153195.27255767613
1398,137500,141374.03302818188,142684.7340315012,131015.11560863604,124389.89988356619,140006.73812873792,137311.9245671376
1399,138000,142266.9430467937,139924.06001039303,133164.9411183175,138172.77620209794,135664.86256751203,138306.96032088835
1400,137450,152266.53298194712,147078.52632662441,152819.08118346753,149280.59255988637,153193.64311910357,151137.31692752632
1401,120000,120547.23651351238,118530.64255305403,114434.62799496166,115958.73216478055,130828.04219847632,120423.22002425592
1402,193000,192457.6539310444,193425.73679144922,176353.9497647684,178505.80680537346,184290.71845576764,186316.67217198559
1403,193879,198633.01659536234,199347.98694654575,189077.46471851258,188609.22400162785,189876.20315509755,194041.49895167144
1404,282922,256336.96128517532,250422.53391662787,253511.88735643277,255916.15937588323,261895.12625137402,255678.9407523353
1405,105000,95519.50097854424,97079.62627673343,102064.9581776951,105753.8450027758,98599.04338401876,98796.39880177393
1406,275000,264574.54652163235,270328.28386398,249431.81082076338,262173.8055430732,289524.67514302064,267400.2942961152
1407,133000,129802.25179584206,130648.72650622323,129972.61569896997,134537.40027906213,130488.24109826812,130699.66613477471
1408,112000,109083.1858469013,108527.53569089656,125463.71425814086,121396.64744476812,115381.69603073658,114472.4005998602
1409,125500,112738.76100289253,112917.86967171264,109821.22045636951,113408.58504965804,111559.04753358867,112087.32686660817
1410,215000,205060.56730085125,210017.4004670769,221313.87632094225,195056.29103426271,202702.30442171698,207161.09228901836
1411,230000,211856.1011678391,211915.00141948686,213704.4396109283,213895.57230618966,212708.17195741818,212614.1288866717
1412,140000,153651.78512207232,149881.59897575807,149520.23475029168,140728.22525987375,146462.8780789618,149110.49104768812
1413,90000,95480.55660504177,94466.51985762111,95940.05736133242,90201.67076349397,97574.74691775927,95122.5094129821
1414,257000,256483.05387255127,256186.09305555047,288381.7281714187,258928.32296429272,254326.4157300686,261747.62455077993
1415,207000,182463.26558619,179089.9541426674,182874.10647025358,176082.0390156105,185528.29885583816,181686.27333604338
1416,175900,211411.50937100814,213571.40608214325,225250.6906527323,205345.06603705007,220746.387637129,215379.2933342199
1417,122500,125736.75771303037,124345.61017531196,131243.6755337032,128751.17066506609,135524.42748475657,128704.14631059078
1418,340000,303064.18235073355,305863.8774870789,329877.5662911892,330607.4379664816,304305.1793151467,311780.46943236934
1419,124000,130605.16864380044,129605.90873828034,122903.91568332187,129792.75437495674,125952.44109651515,127957.65477459811
1420,223000,220400.92867484022,227890.88896273435,219507.39774511714,210679.0177706012,227285.8516880986,221880.58527635538
1421,179900,166733.0457624732,164100.1266975519,162303.60515541196,173659.1988874222,172339.61001318408,167312.39480596344
1422,127500,140718.94022691195,139502.85819267313,145366.07835332467,148954.13841416244,151267.8625640649,144338.2334367104
1423,136500,134328.83258182972,135427.01389815306,142142.79300693297,137837.80440105757,138345.77742352383,137151.22424862688
1424,274970,221157.78617979548,219660.90765992156,176669.33190352222,205860.78609983475,227553.92208418314,211492.97370265002
1425,144000,129304.24418931305,128738.02836259211,136901.78302969315,137158.80034826117,135186.48058097652,132627.1198463075
1426,142000,146099.89203114537,146458.53519391012,147671.73784326657,151630.29249143577,150567.51369231183,147996.69192869356
1427,271000,255560.57312301986,251716.08797608627,267433.1226650593,240332.39720418534,262028.78387649503,256269.1717004621
1428,140000,136137.12032995504,135059.19362202781,149437.24417492538,132245.87368494092,133344.68727376856,137170.71207619854
1429,119000,111090.43697306603,109305.0148705679,117298.75879424115,127450.72393929782,118002.06093053977,115059.59332732229
1430,182900,190599.56134276654,187998.82177916527,185538.83019945864,196974.7687207798,198143.82900111913,191386.4751322414
1431,192140,174923.9412933773,174599.0566973056,174130.74481499245,181398.60659924697,182629.6385438055,176999.1020904218
1432,143750,134473.12837469197,136897.40679929283,135777.0609392531,139903.33401208234,135625.92446081553,136064.9792281216
1433,64500,103033.84013610917,101342.25334341875,103108.78168409676,108924.9598818209,100176.98677276942,102814.45514829471
1434,186500,192800.8032280688,195120.00782076197,177121.41785480277,187023.6256857069,193386.4598256434,189755.59833134795
1435,160000,148889.80579484405,153225.74924041337,155969.52633181447,169145.48899101253,156225.11864901095,154815.49309656105
1436,174000,176630.69142124115,177540.23934173063,177564.79316160615,175635.25510053485,176032.43403851477,176740.21867824162
1437,120500,114383.65877035503,117172.75471077421,123393.55299250274,117086.38252370595,116171.26354819282,117205.41534313752
1438,394617,369315.33867353585,365770.3319133622,359631.09034082596,343756.59895287704,377482.76666831534,365295.8613530698
1439,149700,148456.98230235983,150969.59094740514,143775.30981062356,136182.76813646173,149128.8766637168,146706.13310621906
1440,197000,182524.326499993,182053.7080130807,187393.60547882528,183391.61993469772,172698.60997519817,181382.4642578529
1441,191000,229132.8332347691,233497.46717520512,212806.757542097,202838.66408233446,224883.3096525201,222827.8874591133
1442,149300,140434.06978882107,141713.07644974295,144022.36685326742,142310.83598989042,143702.76355484786,142207.56505005714
1443,310000,344135.6073827701,343997.9730228903,306411.15536941215,354006.12001844513,338046.52546348836,336931.3888522758
1444,121000,103612.9809177082,98053.15922457007,111228.35584689365,97010.53565504054,97254.32581141825,101679.97270349515
1445,179600,185731.6821110166,188543.7249139921,202134.17201469452,196800.32099616565,187881.46377992636,190907.61488851995
1446,129000,131275.97870828275,130136.10335203494,120796.71805479775,124523.49491946743,118992.35036365595,125787.94761451831
1447,157900,137393.15549256463,138029.30496825054,153034.5173584084,137278.88049696042,143408.41525859493,141407.76514074163
1448,240000,261369.46668242506,261417.9572145958,282356.2471874879,249076.1922967155,251626.52179698535,261515.97381126843
1449,112000,107442.50798083785,105786.21210547058,103714.84779969849,110120.79484749281,113744.61858249056,107969.35747171704
1450,92000,85966.95323304395,85479.46049357532,96207.82060758416,95145.21444170688,82917.77859724106,88061.41433110523
1451,136000,124374.3038931186,124846.48168870845,128402.96690877462,137357.05707863276,121816.75215909674,126159.94580194926
1452,287090,258764.02642793444,254161.19408617125,257725.0732809526,268094.6143098933,290771.5183073821,264853.7735227199
1453,145000,128104.2901084595,129413.343599322,131793.30984210182,142122.51954843456,136426.58917672516,132295.50047285255
1454,84500,123348.93355452004,123899.56192382154,139810.96960302108,131528.1154633125,125237.72912762733,127638.376244651
1455,185000,189483.7209735192,188159.69634998665,186540.82814581014,189016.2988270632,200667.91123038082,190805.85251229175
1456,175000,177788.3659609393,176628.498383807,172028.90488624046,176427.74642252334,169361.20441532703,174639.3984967687
1457,210000,215133.87802597153,217421.35535732482,207677.12581860818,190516.76249840256,214128.4164977853,210925.8884508105
1458,266500,251253.85759951093,259256.9928176187,254268.9213937711,247087.06600775963,251097.94234973576,252838.57871177292
1459,142125,138038.19286476227,135052.64665123887,124009.56215070328,135124.6804861833,144383.98716290426,135679.52118264354
1460,147500,157111.83799304668,155074.13088276013,147139.9019837936,146548.4194803963,162350.11283985813,154586.04449574396
